Player,Salary,NBA_Country,NBA_DraftNumber,Age,Tm,G,MP,PER,TS%,3PAr,FTr,ORB%,DRB%,TRB%,AST%,STL%,BLK%,TOV%,USG%,OWS,DWS,WS,WS/48,OBPM,DBPM,BPM,VORP
Zhou Qi,815615,China,43,22,HOU,16,87,0.6,0.303,0.593,0.37,6.5,16.8,11.7,1.5,1.1,6.8,18.2,19.5,-0.4,0.1,-0.2,-0.121,-10.6,0.5,-10.1,-0.2
Zaza Pachulia,3477600,Georgia,42,33,GSW,66,937,16.8,0.608,0.004,0.337,11,25,18.5,15.4,1.9,1.3,19.3,17.2,1.7,1.4,3.1,0.16,-0.6,1.3,0.8,0.7
Zach Randolph,12307692,USA,19,36,SAC,59,1508,17.3,0.529,0.193,0.14,7,23.8,15,14.9,1.4,0.6,12.5,27.6,0.3,1.1,1.4,0.046,-0.6,-1.3,-1.9,0
Zach LaVine,3202217,USA,13,22,CHI,24,656,14.6,0.499,0.346,0.301,1.4,14.4,7.7,18.6,1.8,0.5,9.7,29.5,-0.1,0.5,0.4,0.027,-0.7,-2,-2.6,-0.1
Zach Collins,3057240,USA,10,20,POR,62,979,8.2,0.487,0.387,0.146,4.9,18.3,11.7,7.3,0.8,2.5,15.6,15.5,-0.4,1.2,0.8,0.038,-3.7,0.9,-2.9,-0.2
Yogi Ferrell,1312611,USA,62,24,DAL,79,2238,11.5,0.543,0.489,0.141,1.3,11.3,6.1,13.3,1.4,0.3,9.1,17,1.6,1.6,3.1,0.067,-0.4,-0.5,-0.9,0.6
Xavier Silas,74159,USA,62,30,BOS,2,7,-4.9,0,0.667,0,15.9,15.4,15.7,0,7.2,0,0,19.2,-0.1,0,0,-0.251,-12.6,-0.7,-13.3,0
Xavier Rathan-Mayes,46080,Canada,62,23,MEM,5,118,0.9,0.315,0.333,0.214,0,5,2.5,23.2,2.6,2.4,19.3,21.7,-0.5,0.1,-0.4,-0.169,-8.7,-1.9,-10.6,-0.3
Wilson Chandler,12016854,USA,23,30,DEN,70,2200,11.1,0.543,0.39,0.186,5,14,9.5,9.7,0.9,1.4,12,14.6,2,1,3.1,0.067,-0.4,-0.6,-1,0.5
Willy Hernangomez,1435750,Spain,35,23,TOT,45,430,20.6,0.592,0.075,0.555,13.6,25.2,19.3,11,1.8,2.8,15.4,21.7,0.8,0.6,1.4,0.156,-0.1,0.6,0.5,0.3
Willie Reed,1577230,USA,62,27,TOT,42,428,19.2,0.671,0.017,0.455,9.1,21.7,15.5,3.6,1,4.3,11.6,16.6,1,0.5,1.6,0.175,-0.8,0,-0.8,0.1
Willie Cauley-Stein,3704160,USA,6,24,SAC,70,1943,17.1,0.523,0.017,0.32,7.2,21.7,14.1,13.5,1.9,3.1,11.3,21.6,1.3,2,3.3,0.082,-1.6,1.6,0,1
Will Barton,3533333,USA,40,27,DEN,77,2530,15.9,0.557,0.409,0.221,2.9,14.2,8.6,18.5,1.6,1.6,11.8,20.5,3.9,1.7,5.6,0.106,1.4,-0.6,0.8,1.8
Wesley Matthews,17884176,USA,62,31,DAL,63,2131,11.4,0.541,0.577,0.145,1.4,9.1,5.2,12.3,1.8,0.7,10.1,17.6,1,1.7,2.7,0.061,0.2,-0.1,0.2,1.2
Wesley Johnson,5881260,USA,4,30,LAC,70,1422,9.8,0.512,0.484,0.157,2.1,14,8.1,5.3,2.5,3.6,12.6,13,-0.1,1.8,1.7,0.056,-2.2,2.5,0.3,0.8
Wesley Iwundu,1050000,USA,33,23,ORL,58,902,7.6,0.464,0.205,0.215,4,11.8,7.9,7.9,1.7,1,11.6,11.8,-0.1,0.6,0.5,0.027,-4,0.4,-3.6,-0.4
Wayne Selden,1312611,USA,62,23,MEM,35,692,11.8,0.551,0.454,0.219,2.6,6.9,4.7,16.1,1.3,0.7,15.5,22.7,0.1,0.2,0.4,0.025,-0.7,-3.2,-4,-0.3
Wayne Ellington,6270000,USA,28,30,MIA,74,1962,12.1,0.582,0.83,0.113,1.2,10.9,6.1,6,1.3,0.3,6.9,17.3,2.3,1.9,4.1,0.101,1.6,-1.7,-0.1,0.9
Wade Baldwin,1874400,USA,17,21,POR,4,29,17,0.73,0.143,1.286,0,18.6,9.4,10.7,0,0,15.4,19.6,0.1,0,0.1,0.177,-0.6,-2.6,-3.1,0
Vince Hunter,50000,USA,62,23,MEM,4,7,35.9,0.6,0,0,32.3,17,24.8,0,0,13.4,16.7,38.5,0,0,0,0.099,-3.1,-5.8,-9,0
Vince Carter,8000000,USA,5,41,SAC,55,971,10.6,0.519,0.584,0.126,1.9,14.9,8.1,9.3,2.1,2.5,10.7,14.7,0.2,0.8,1,0.051,-1.6,0.4,-1.3,0.2
Victor Oladipo,21000000,USA,2,25,IND,72,2471,23.1,0.576,0.324,0.28,2.1,15.1,8.7,21,3.4,2,12.6,30.2,4.2,3.8,8,0.156,3.5,1.2,4.7,4.2
Vander Blue,50000,USA,62,25,LAL,5,45,-1.8,0.255,0.4,0.4,0,2.4,1.2,8.1,1.1,0,33.8,8.4,-0.1,0,-0.1,-0.103,-8.7,-1.4,-10.1,-0.1
Udonis Haslem,2328652,USA,62,37,MIA,14,72,1.8,0.252,0.533,0.133,4.7,10.9,7.8,9.2,0,2.4,11.2,11.2,-0.1,0.1,-0.1,-0.057,-7.2,-0.4,-7.5,-0.1
Tyus Jones,1471382,USA,24,21,MIN,78,1404,14.1,0.574,0.372,0.247,1.3,9.4,5.3,20.9,3.2,0.4,13.9,12.7,2.3,1.1,3.4,0.116,0.8,-0.3,0.5,0.9
Tyson Chandler,13000000,USA,2,35,PHO,46,1151,14.3,0.657,0,0.503,12.2,26.9,19.4,6.6,0.7,1.9,20.5,10.6,1.9,0.8,2.6,0.11,-1.4,1,-0.4,0.5
Tyreke Evans,3290000,USA,4,28,MEM,52,1607,21.2,0.561,0.354,0.258,3.1,16.3,9.5,31.5,1.8,1,11.5,28.5,3,1.2,4.3,0.128,4.5,-0.7,3.7,2.3
Tyler Zeller,1709538,USA,17,28,TOT,62,1025,15.9,0.585,0.088,0.241,11,19.6,15.2,6.8,0.7,2.5,11.3,17,1.7,0.8,2.5,0.119,-1.3,-0.5,-1.8,0
Tyler Ulis,1312611,USA,34,22,PHO,68,1563,9.7,0.459,0.267,0.183,1.5,6.8,4.1,27.5,2,0.3,17.6,18.2,-0.8,0.5,-0.4,-0.011,-3,-2.3,-5.4,-1.3
Tyler Lydon,1579440,USA,24,21,DEN,1,2,0,,,,0,0,0,0,0,0,,0,0,0,0,-0.016,-5.6,-0.9,-6.5,0
Tyler Johnson,5881260,USA,62,25,MIA,69,1964,13,0.55,0.46,0.186,1.8,11.5,6.6,12.3,1.4,1.4,9.4,18.6,1.9,2.2,4,0.099,-0.1,-0.2,-0.4,0.8
Tyler Ennis,1524305,Canada,18,23,LAL,50,584,10.4,0.459,0.265,0.108,2.9,11.6,7.3,21.9,1.9,1.4,13.4,16.3,0,0.6,0.6,0.052,-3.1,-0.2,-3.3,-0.2
Tyler Dorsey,815615,USA,41,21,ATL,53,897,9.3,0.478,0.52,0.157,2.1,13.2,7.7,13.2,0.9,0.4,8.8,20,-0.2,0.4,0.1,0.008,-2.2,-2.4,-4.6,-0.6
Tyler Cavanaugh,679919,USA,62,23,ATL,39,518,13,0.567,0.586,0.138,9.7,17.7,13.7,7.9,0.8,0.7,8,14.8,0.9,0.3,1.2,0.109,0.5,-1.5,-1,0.1
Troy Williams,1471382,USA,62,23,TOT,21,307,15.2,0.544,0.349,0.275,8,14.8,11.4,7.8,3.2,1.1,13.5,20.1,0.2,0.4,0.5,0.085,-0.1,0.1,0,0.2
Troy Daniels,3408520,USA,62,26,PHO,78,1609,10,0.585,0.798,0.112,0.8,7.7,4.2,4.6,0.7,0.3,8.3,17.2,1.5,0,1.5,0.045,0.8,-3.7,-2.8,-0.3
Tristan Thompson,16400000,Canada,4,26,CLE,49,1017,13.7,0.573,0,0.349,13.3,23.6,18.5,4.2,0.8,1.4,12.2,12.5,1.7,0.7,2.4,0.115,-1.6,-0.7,-2.3,-0.1
Trey McKinney-Jones,46080,USA,62,27,IND,1,1,0,,,,0,0,0,0,0,0,,0,0,0,0,-0.001,-5.7,-0.1,-5.9,0
Trey Lyles,2441400,USA,12,22,DEN,70,1366,18,0.589,0.398,0.267,4.5,23.8,14.2,10.1,1.1,2.1,9,21.2,2.6,1.2,3.8,0.133,0.6,-1.4,-0.8,0.4
Trey Burke,784160,USA,9,25,NYK,32,648,22.8,0.576,0.262,0.133,2.1,8,5.1,38.1,1.5,0.5,8.8,25.9,2,0.3,2.3,0.167,5.3,-3.3,2,0.7
Trevor Booker,9125000,USA,23,30,TOT,64,1085,14.8,0.563,0.089,0.275,10.8,18.7,14.8,11,1.2,1.5,14.1,16.5,1.5,1.2,2.7,0.12,-1.1,0.6,-0.5,0.4
Trevor Ariza,7420912,USA,43,32,HOU,64,2179,12.1,0.573,0.713,0.143,1.7,13,7.4,6.9,2.1,0.5,7,14.4,2.7,2.6,5.3,0.117,1,0.6,1.7,2
Treveon Graham,1312611,USA,62,24,CHO,63,1050,9,0.553,0.439,0.267,4.2,8.3,6.2,7.9,1.5,0.2,9.9,11.3,1,0.7,1.7,0.079,-0.6,-0.4,-1,0.3
Travis Wear,148318,USA,62,27,LAL,13,172,9.8,0.562,0.719,0.14,0,18.5,9.3,3.3,0.8,1.9,6.2,15.9,0.1,0.2,0.3,0.088,-2,-1.9,-4,-0.1
Tony Snell,9821429,USA,20,26,MIL,71,1955,8.4,0.584,0.63,0.116,0.5,7.3,4,6.5,1.2,1.1,7.7,10.5,1.6,0.7,2.3,0.056,-0.4,-1.3,-1.7,0.2
Tony Parker,15453126,France,28,35,SAS,52,1020,13.1,0.499,0.094,0.198,0.6,9.3,4.9,29,1.4,0.1,13.4,20.6,0.4,1.1,1.5,0.072,-2.1,-1.6,-3.8,-0.5
Tony Bradley,1414920,USA,28,20,UTA,9,29,9.5,0.337,0.091,0.182,15.9,27.2,21.6,5,0,0,0,18.5,0,0,0,0.03,-6.6,-3.1,-9.7,-0.1
Tony Allen,2116955,USA,25,36,NOP,22,273,8.7,0.514,0.132,0.231,8.2,10.4,9.4,4.6,1.9,0.9,15.9,18.9,-0.2,0.2,0.1,0.016,-3.9,-1.3,-5.2,-0.2
Tomas Satoransky,3000000,Czech Republic,32,26,WAS,69,1535,15.4,0.618,0.265,0.27,4.7,11,7.8,25.1,1.6,0.8,16.4,13.7,3.5,1.2,4.7,0.147,1.3,-0.3,1,1.2
Tobias Harris,16000000,USA,19,25,TOT,76,2546,17.4,0.569,0.369,0.178,2.4,15.6,8.9,11.6,1.3,1.1,7.2,23.2,4.3,2.5,6.7,0.127,1.7,-0.7,1,1.9
Timothe Luwawu-Cabarrot,1386600,France,24,22,PHI,52,807,7,0.511,0.592,0.217,1.9,7.5,4.8,9.4,0.7,0.5,11.5,17.5,0.1,0.7,0.8,0.046,-2.3,-2.4,-4.6,-0.5
Timofey Mozgov,15280000,Russia,62,31,BRK,28,339,10.2,0.589,0.212,0.294,8.7,18.7,13.6,3.6,0.7,2.4,24.4,16.2,-0.1,0.3,0.2,0.026,-4.8,-0.6,-5.4,-0.3
Tim Hardaway,16500000,USA,24,25,NYK,56,1856,14.4,0.531,0.476,0.209,1.9,11.2,6.6,12.5,1.6,0.5,9,23.8,1.5,1,2.5,0.065,1.6,-1.9,-0.2,0.8
Tim Frazier,2000000,USA,62,27,WAS,56,807,11.2,0.477,0.335,0.183,2.5,12.7,7.7,31.4,2.6,0.8,23.7,12.7,0.4,0.9,1.3,0.079,-2.3,0.1,-2.2,0
Thon Maker,2684160,South Sudan,10,20,MIL,71,1205,10.5,0.502,0.326,0.293,7.3,14.4,10.9,5.3,1.6,3.7,10.8,14.6,0.4,1.1,1.5,0.061,-2.5,0.1,-2.4,-0.1
Thomas Bryant,815615,USA,42,20,LAL,11,34,7.7,0.473,0.556,0.667,3.2,15.6,9.4,7.8,0,0,7.9,15.8,0,0,0,0.037,-3.8,-3.3,-7.1,0
Thaddeus Young,14796348,USA,12,29,IND,78,2544,14.7,0.528,0.212,0.104,7.9,14.1,11.1,8.4,2.5,1.2,10.5,17.3,2.1,3.1,5.2,0.099,0.1,1.3,1.4,2.2
Thabo Sefolosha,5250000,Switzerland,13,33,UTA,38,806,15.9,0.591,0.35,0.225,4.1,18.5,11.4,6.4,3.2,1.3,10.2,16.4,1,1.6,2.6,0.153,-0.3,2.2,1.8,0.8
Terry Rozier,1988520,USA,16,23,BOS,77,1980,15.4,0.524,0.499,0.188,3.4,16.2,9.9,17,2,0.7,8,20.5,2.3,3.3,5.6,0.135,1,1,2,2
Terrence Ross,10500000,USA,8,26,ORL,22,576,10.3,0.515,0.48,0.198,1.9,11.6,6.7,8.9,2.3,1.2,11.5,16.6,-0.1,0.5,0.5,0.038,-1.8,0.1,-1.7,0
Terrance Ferguson,1785000,USA,21,19,OKC,59,728,7,0.532,0.692,0.063,2.8,3.9,3.3,3.2,1.6,1.2,6.3,10.3,0.5,0.5,1.1,0.07,-1.5,-1.3,-2.8,-0.1
Taurean Waller-Prince,2422560,USA,12,23,ATL,79,2359,12.3,0.544,0.463,0.184,2.2,15.4,8.8,13.4,1.7,1.5,15.5,21.7,-0.3,1.9,1.6,0.032,-1.1,0,-1.1,0.5
Tarik Black,3290000,USA,62,26,HOU,48,474,14.9,0.589,0.078,0.478,14.4,19.9,17.1,3.8,2.1,4.7,18.7,15.9,0.6,0.9,1.4,0.144,-2.6,2,-0.5,0.2
Taj Gibson,14000000,USA,26,32,MIN,78,2613,15.4,0.615,0.05,0.253,8,16.5,12.2,5.3,1.1,1.8,9.9,14.6,5.3,1.5,6.8,0.124,1,0.1,1.2,2.1
T.J. Warren,3152931,USA,14,24,PHO,65,2142,17.7,0.541,0.085,0.24,6.1,10.6,8.3,7.2,1.5,1.5,6.7,24.9,2.7,0.8,3.5,0.077,-0.1,-1.8,-1.9,0.1
T.J. McConnell,1471382,USA,62,25,PHI,72,1651,12.3,0.546,0.148,0.096,2.4,11.5,7.1,24.7,2.6,0.6,20.8,13.8,1.2,2.4,3.6,0.105,-1.9,1.1,-0.7,0.5
T.J. Leaf,2028360,USA,18,20,IND,50,428,10.5,0.554,0.322,0.099,6.9,13.4,10.2,2.6,0.6,0.8,7.3,14.2,0.5,0.3,0.7,0.084,-1.9,-2.7,-4.7,-0.3
Steven Adams,22471910,New Zealand,12,24,OKC,73,2390,20.8,0.628,0.003,0.397,16.9,13.9,15.5,5.5,1.9,2.9,13.3,16.7,6.4,2.9,9.3,0.187,2.2,1.2,3.4,3.3
Sterling Brown,815615,USA,46,22,MIL,51,728,9.5,0.513,0.44,0.126,4.2,17.6,10.9,4.6,2.1,1.3,10.6,14,0.1,0.7,0.8,0.05,-2.8,-1,-3.8,-0.3
Stephen Curry,34682550,USA,7,29,GSW,51,1631,28.2,0.675,0.58,0.35,2.7,14.4,8.9,30.2,2.4,0.4,13.3,31,7.2,1.9,9.2,0.27,9.8,-1.2,8.6,4.4
Stanley Johnson,3097800,USA,8,21,DET,65,1773,9.1,0.483,0.418,0.264,1.8,13.2,7.4,8.2,2.6,0.6,11.3,16.4,-0.6,2.3,1.8,0.048,-2.6,1.2,-1.4,0.3
Spencer Dinwiddie,1524305,USA,38,24,BRK,77,2217,16,0.526,0.508,0.323,1.9,10.3,6.1,35.1,1.4,0.8,11.6,20.3,4.2,1.3,5.5,0.118,2.1,-1.7,0.4,1.3
Solomon Hill,12236535,USA,23,26,NOP,8,127,6.8,0.385,0.563,0.125,4.4,12.4,8.6,16.9,1.5,0.6,12.9,13.2,-0.1,0.1,0,0.01,-3.1,-0.5,-3.6,-0.1
Skal Labissiere,1312611,Haiti,28,21,SAC,60,1240,14.3,0.513,0.111,0.258,8.7,18.2,13.2,9.1,1,3.7,12.5,21.1,0.4,0.9,1.3,0.051,-2.7,0,-2.7,-0.2
Sindarius Thornwell,815615,USA,48,23,LAC,69,1059,8.1,0.517,0.262,0.383,3.2,10.1,6.7,7,2.1,1.8,15.5,11.6,0.1,0.9,1,0.048,-2.6,1.2,-1.4,0.2
Shelvin Mack,6000000,USA,34,27,ORL,65,1283,13.7,0.526,0.332,0.244,1.9,11.9,6.8,29.3,1.9,0.5,16.4,17.5,1.1,1,2,0.076,-1,-1.2,-2.2,-0.1
Shaun Livingston,7692308,USA,4,32,GSW,68,1081,11.6,0.539,0.012,0.176,3.6,8.9,6.4,16.5,1.5,1.5,13.8,16.5,0.9,1,1.8,0.082,-2.5,-0.8,-3.3,-0.4
Shaquille Harrison,92160,USA,62,24,PHO,20,291,15.2,0.534,0.221,0.347,2.5,16.5,9.4,18.1,3.5,1.9,12.7,18.3,0.2,0.3,0.6,0.091,-1.3,1.5,0.2,0.2
Shane Larkin,1524305,USA,18,25,BOS,50,686,10.2,0.506,0.387,0.17,2,10.1,6.1,16.3,1.8,0.2,12.2,15.5,0.3,0.9,1.3,0.088,-2.3,0,-2.4,-0.1
Shabazz Napier,2361360,USA,24,26,POR,70,1455,14.5,0.553,0.414,0.268,1.8,9.9,5.9,15.1,2.7,0.8,13.8,19.5,1.3,1.9,3.2,0.105,0,0.4,0.4,0.9
Shabazz Muhammad,1577230,USA,14,25,TOT,41,385,14.4,0.5,0.147,0.229,6,14,10,6.4,1.2,0.7,3.1,22.3,0.3,0.2,0.5,0.064,-2,-3.8,-5.8,-0.4
Serge Ibaka,20061729,Democratic Re_,24,28,TOR,73,2010,14.5,0.569,0.381,0.155,4.3,21.2,12.9,4.4,0.7,3.7,9.6,19.4,1.9,2.8,4.8,0.114,-0.9,0.5,-0.4,0.8
Semi Ojeleye,1291892,USA,37,23,BOS,69,1049,4,0.448,0.689,0.25,3.7,11,7.4,2.4,1,0.2,10.8,8.7,-0.3,1.2,0.9,0.042,-3.8,0.3,-3.5,-0.4
Sean Kilpatrick,1524305,USA,62,28,TOT,48,537,9.5,0.475,0.5,0.238,0.6,14.9,7.7,11.5,0.8,0.6,10.3,24.6,-0.5,0.3,-0.2,-0.02,-3.7,-3.8,-7.5,-0.7
Scotty Hopson,74159,USA,62,28,DAL,1,8,-4.6,0.266,0,2,0,0,0,15.8,0,0,34.7,16.4,0,0,0,-0.237,-14.8,-5.9,-20.7,0
Sam Dekker,1794600,USA,18,23,LAC,69,817,11.1,0.526,0.251,0.222,5.2,15.5,10.4,6,1.3,0.9,10.3,15.5,0.4,0.6,1.1,0.063,-2.4,-0.9,-3.3,-0.3
Salah Mejri,1471382,Tunisia,62,31,DAL,61,729,17.8,0.644,0.022,0.482,12.6,25.3,18.8,7.2,1.5,8.2,19,12.8,1.3,1.3,2.7,0.177,-2.1,5.4,3.2,1
Ryan Anderson,19578455,USA,21,29,HOU,66,1725,12.6,0.592,0.706,0.194,6.2,15.4,10.8,5.1,0.7,1,7.5,14.4,3.1,1.6,4.7,0.131,1.1,-0.8,0.2,1
Russell Westbrook,28530608,USA,4,29,OKC,77,2801,25,0.528,0.194,0.339,5.4,25.3,15,49.4,2.5,0.6,16.4,34.3,5.5,4.3,9.8,0.168,5.2,3,8.2,7.2
Rudy Gobert,21974719,France,27,25,UTA,52,1702,20.9,0.659,0,0.682,10.3,27.5,19,6.7,1.2,6.1,15.5,16.9,4,3.6,7.6,0.214,-0.3,4.5,4.2,2.7
Rudy Gay,8406000,USA,8,31,SAS,54,1160,17.8,0.545,0.219,0.268,6.7,19.5,13.1,9.5,1.9,2.6,11.6,24.5,0.9,2,2.9,0.121,-0.8,1,0.2,0.6
Royce O'Neale,815615,USA,62,24,UTA,65,1052,10.4,0.521,0.412,0.267,2.7,20.2,11.5,12.3,1.7,1.2,15.1,14.8,0.3,1.7,1.9,0.087,-2.7,1.7,-1.1,0.2
Rondae Hollis-Jefferson,1471382,USA,23,23,BRK,64,1811,17.3,0.55,0.074,0.436,5.8,19.8,12.7,14.2,1.6,1.7,11.5,22.6,2.3,1.8,4.1,0.108,-1.1,0.9,-0.2,0.8
Ron Baker,4328000,USA,62,24,NYK,29,385,9.3,0.504,0.559,0.441,1.4,7.2,4.3,15.5,3.3,1.4,20.4,10,0.1,0.4,0.5,0.059,-1.9,0.9,-1,0.1
Rodney Purvis,92160,USA,62,23,ORL,12,203,4.1,0.427,0.577,0.127,0,8.2,4.1,7.1,0.7,1.2,9.6,18,-0.3,0.1,-0.3,-0.06,-5,-2.7,-7.7,-0.3
Rodney McGruder,1312611,USA,62,26,MIA,15,258,12.4,0.623,0.484,0.094,3.5,8.3,5.9,6.9,1.6,0.7,5.7,12.3,0.4,0.3,0.7,0.131,0.3,-0.6,-0.3,0.1
Rodney Hood,2386864,USA,23,25,TOT,58,1576,14.4,0.545,0.447,0.162,1.6,9.8,5.8,9.7,1.4,0.6,8.1,24.6,1.1,1.4,2.5,0.077,0.2,-2.2,-2.1,0
Robin Lopez,13788500,USA,15,29,CHI,64,1690,14.7,0.552,0.022,0.14,8.2,10.2,9.2,12.3,0.4,2.8,13.5,20.4,1.2,0.8,2,0.057,-1.6,-0.2,-1.9,0.1
Robert Covington,16698103,USA,62,27,PHI,76,2408,12.8,0.562,0.656,0.162,2.5,15.3,9.1,8.7,2.6,2.2,12.3,17.5,1.5,4.2,5.7,0.113,0.4,2,2.4,2.7
Ricky Rubio,14275000,Spain,5,27,UTA,73,2185,15,0.533,0.33,0.307,2.2,15.2,8.8,28.3,2.6,0.4,18.3,22.8,1.2,3.5,4.7,0.103,-0.1,1.5,1.3,1.8
Richaun Holmes,1471382,USA,37,24,PHI,44,668,16.8,0.566,0.144,0.236,8.6,22,15.5,12.8,1.3,3.2,8.4,16.7,1.3,1.1,2.4,0.175,-0.5,1.9,1.4,0.6
Richard Jefferson,2500000,USA,13,37,DEN,20,163,6.3,0.499,0.259,0.259,1.4,10.4,5.9,12,0.6,0.5,14.3,9.3,0.1,0,0.1,0.028,-3.8,-2.1,-5.9,-0.2
Reggie Jackson,16000000,USA,24,27,DET,41,1084,15.5,0.516,0.294,0.231,2.7,9.3,5.9,32.1,1.1,0.3,14.3,27.4,0.7,0.9,1.6,0.069,0.5,-2.1,-1.6,0.1
Reggie Bullock,2500000,USA,25,26,DET,62,1732,13.6,0.615,0.515,0.09,1.7,8.3,4.9,8.4,1.4,0.7,7.6,15.7,2.8,1.5,4.3,0.118,1.3,-0.6,0.7,1.2
Raymond Felton,2328652,USA,5,33,OKC,79,1324,13.2,0.492,0.41,0.08,2,11.1,6.4,22.9,1.8,1,11.5,20.4,0.9,1.3,2.2,0.08,-1.1,-1.8,-2.8,-0.3
Raul Neto,1471382,Brazil,47,25,UTA,39,478,12.3,0.554,0.313,0.224,1.7,9.4,5.6,23.2,1.2,0.7,16.5,18.3,0.4,0.5,0.9,0.094,-1.7,-1.3,-3.1,-0.1
Rashad Vaughn,1889040,USA,17,21,TOT,28,212,9.3,0.546,0.661,0.107,1.6,9.9,5.8,8.7,1.2,1.2,9.3,13.8,0.1,0.1,0.2,0.05,-1.9,-2.9,-4.7,-0.1
Ramon Sessions,2328652,USA,56,31,TOT,27,391,10.8,0.473,0.224,0.483,1.7,9.1,5.5,26.5,1.8,0.4,17.6,19.2,0,0.3,0.3,0.031,-3.2,-2,-5.2,-0.3
Rajon Rondo,3300000,USA,21,31,NOP,61,1591,14.9,0.519,0.303,0.094,2,14.4,8.4,41.6,1.8,0.5,22.6,16.8,1.7,1.5,3.2,0.095,-0.6,-0.9,-1.5,0.2
Quinn Cook,100000,USA,62,24,GSW,29,597,13.4,0.6,0.41,0.102,1.6,10.1,6.2,16.7,0.9,0.1,10.8,17.7,1,0.4,1.4,0.11,0.7,-2.7,-2,0
Quincy Pondexter,3853931,USA,26,29,CHI,23,196,4,0.398,0.449,0.347,4.2,10.7,7.4,6.3,2,0.9,16.3,15,-0.3,0.1,-0.2,-0.046,-6.1,-0.6,-6.6,-0.2
Quincy Acy,1709538,USA,37,27,BRK,66,1270,7.5,0.51,0.797,0.173,3.1,17.2,10.1,5.9,1.1,1.6,14.1,14.3,-0.4,1,0.6,0.024,-2.5,-0.3,-2.8,-0.2
Paul Zipser,1312611,Germany,48,23,CHI,54,824,5.2,0.444,0.47,0.111,1.6,15.9,8.5,8,1.2,1.6,14.9,15.2,-1.2,0.6,-0.6,-0.033,-5.5,-0.3,-5.8,-0.8
Paul Millsap,31269231,USA,47,32,DEN,34,1008,18.2,0.564,0.258,0.36,6.3,18.3,12.3,14.6,1.9,3.3,12.9,22.4,1.5,1,2.5,0.12,0.6,0.8,1.4,0.9
Paul George,19508958,USA,10,27,OKC,76,2779,18.4,0.566,0.447,0.3,2.7,15,8.7,14.7,2.8,1.2,12.3,25.6,4.5,3.8,8.3,0.143,2.3,0.1,2.4,3.1
Pau Gasol,16000000,Spain,3,37,SAS,74,1753,19,0.54,0.189,0.331,7.9,30.3,19,20,0.6,3.7,13.3,20.7,2.6,3.2,5.8,0.158,-0.2,3.3,3.1,2.3
Patty Mills,10714286,Australia,55,29,SAS,79,2018,12.1,0.562,0.606,0.178,1.4,7,4.1,16.1,1.3,0.5,12.4,17.8,2.1,2.1,4.2,0.099,1,-1.3,-0.2,0.9
Patrick Patterson,5192000,USA,14,28,OKC,79,1234,9.7,0.545,0.638,0.165,2.7,14.5,8.4,5.8,1.9,1.7,10.3,10.8,1,1.4,2.4,0.092,-1.8,0.3,-1.5,0.2
Patrick McCaw,1312611,USA,38,22,GSW,57,961,7.4,0.477,0.356,0.151,2,7.1,4.8,10.6,2.2,0.8,14.6,12.8,-0.3,0.9,0.6,0.031,-2.9,-0.4,-3.3,-0.3
Patrick Beverley,5513514,USA,42,29,LAC,11,334,12.3,0.53,0.504,0.143,5.4,9.4,7.4,13.8,2.6,1.2,16.5,19.6,0.1,0.3,0.4,0.057,0.4,0.3,0.7,0.2
Pat Connaughton,1471382,USA,41,25,POR,78,1432,9.3,0.535,0.542,0.113,2.6,9,5.8,8.9,0.7,1.2,9.3,13.5,1.1,1.2,2.3,0.077,-0.9,-0.6,-1.5,0.2
Pascal Siakam,1312611,Cameroon,27,23,TOR,77,1577,14.9,0.554,0.268,0.178,5.5,18.8,12.2,13.3,1.9,2,11,15.9,2.1,2.3,4.5,0.136,0.1,2.1,2.2,1.7
P.J. Tucker,7590035,USA,35,32,HOU,78,2170,8.4,0.537,0.692,0.145,4.6,17.4,11,4.6,1.8,0.9,13.3,10.3,1,2.8,3.8,0.083,-1.3,1.5,0.2,1.2
Otto Porter,24773250,USA,3,24,WAS,74,2349,18.4,0.601,0.357,0.145,4.7,18,11.4,10,2.4,1.4,7.1,18.4,4.9,3,7.9,0.161,2.5,1.1,3.6,3.3
Omri Casspi,2106470,Israel,23,29,GSW,53,740,15.5,0.632,0.106,0.333,4.9,23.9,15.1,9.5,1.2,2,13.5,16.3,1.2,1,2.2,0.143,-1.4,0.2,-1.3,0.1
Omer Asik,10595505,Turkey,36,31,NOP,14,121,4.5,0.423,0,0.75,6.5,26.1,16.6,2,0.4,1.3,19,9.4,-0.1,0.1,0,0.006,-7.4,-0.8,-8.2,-0.2
Okaro White,1312611,USA,62,25,MIA,6,80,8.9,0.577,0.688,0.188,4.2,11.2,7.7,3.5,0.6,1.1,5.5,10.3,0.1,0.1,0.2,0.098,-1.5,-1.3,-2.8,0
OG Anunoby,1645200,United Kingdo...,23,20,TOR,70,1389,9.5,0.575,0.565,0.183,3.3,9.9,6.6,5.2,1.8,0.6,10.8,12.3,1.1,1.5,2.6,0.09,0,0.3,0.3,0.8
Norman Powell,1471382,USA,46,24,TOR,66,1003,8.4,0.496,0.489,0.11,1.5,10.8,6.2,11.5,1.6,1.2,14.5,18.9,-0.6,1.1,0.5,0.026,-2.5,-0.5,-3,-0.3
Noah Vonleh,3505233,USA,9,22,TOT,54,875,12.8,0.509,0.282,0.248,8.6,30.1,19.2,5.7,1.1,1.6,10.7,14.5,0.5,1.2,1.7,0.091,-3.4,0.3,-3.1,-0.2
Nikola Vucevic,12250000,Montenegro,16,27,ORL,54,1619,19.7,0.536,0.25,0.115,6.6,27.6,17,19.3,1.6,2.9,11.1,25.9,1.3,2.2,3.5,0.104,0.6,2,2.6,1.9
Nikola Mirotic,12500000,Montenegro,23,26,TOT,51,1352,17.8,0.567,0.525,0.21,4.1,24,14.1,8.7,1.4,2.2,8,23.2,1.6,1.5,3.2,0.113,0.9,-0.8,0.1,0.7
Nikola Jokic,1471382,Serbia,41,22,DEN,71,2288,24.4,0.607,0.279,0.317,9.2,27.7,18.4,29.2,1.8,2.1,15.8,24.1,7.3,2.6,9.9,0.208,4.8,2.1,6.9,5.1
Nik Stauskas,3807146,Canada,8,24,TOT,37,459,9.1,0.554,0.669,0.165,0.7,12.6,6.6,10.1,0.8,0.5,13.4,15.5,0.1,0.2,0.3,0.035,-2,-1.8,-3.9,-0.2
Nigel Hayes,92160,USA,62,23,TOT,6,60,2.4,0.362,0.611,0.167,1.8,8,4.7,11,0,1.6,9.4,15.7,-0.2,0,-0.2,-0.134,-6,-4.1,-10,-0.1
Nicolas Brussino,1312611,Argentina,62,24,ATL,4,10,-4.6,0,1,0,0,33.5,16.8,0,0,0,0,8.7,0,0,0,-0.18,-13.8,-4.8,-18.6,0
Nicolas Batum,22434783,France,25,29,CHO,61,1918,14.3,0.518,0.422,0.204,3,13.8,8.3,26,1.6,1,15,18.2,1.6,1.7,3.3,0.082,0.8,0.4,1.2,1.6
Nick Young,5192000,USA,16,32,GSW,76,1307,10.1,0.562,0.669,0.123,1.8,7.5,4.8,3.5,1.3,0.4,7.3,18,0.7,0.9,1.6,0.059,-0.2,-3.4,-3.7,-0.5
Nick Collison,2328652,USA,12,37,OKC,13,72,13.8,0.666,0,0.421,8.9,20.7,14.6,8.6,0,0,23.7,17.6,0.1,0,0.1,0.08,-3.2,-2.8,-6,-0.1
Nerlens Noel,4187599,USA,6,23,DAL,30,472,16.2,0.558,0.01,0.267,11,29.1,19.8,6.3,3.3,4.1,18.1,13.8,0.4,1,1.3,0.137,-3.4,4.6,1.2,0.4
Nene Hilario,3477600,Brazil,7,35,HOU,50,732,17,0.604,0.009,0.442,8.1,18.5,13.3,9.6,1.8,1.6,11.7,19,1.6,1,2.6,0.17,-1.2,0.6,-0.6,0.3
Nemanja Bjelica,3949999,Serbia,35,29,MIN,63,1286,12.9,0.598,0.49,0.13,4.2,19.1,11.6,8.6,1.7,1,12,14.3,1.7,1,2.7,0.1,0.8,-0.2,0.6,0.8
Naz Mitrou-Long,92160,Canada,62,24,UTA,1,1,134.1,1.5,1,0,0,0,0,0,0,0,0,45.1,0.1,0,0.1,2.713,68.7,-14.3,54.4,0
Nate Wolters,50000,USA,38,26,UTA,5,19,-2.9,0.167,0,0,6.1,5.9,6,7.1,0,0,0,14.2,-0.1,0,-0.1,-0.141,-10.3,-2.2,-12.5,-0.1
Myles Turner,2569920,USA,11,21,IND,61,1761,17.6,0.581,0.241,0.333,5.9,20.1,13.1,7.2,1.1,5.7,11.5,20.1,2.6,2.5,5,0.137,-0.6,1.9,1.4,1.5
Montrezl Harrell,1471382,USA,32,24,LAC,72,1190,24.9,0.656,0.012,0.417,9.3,17.1,13.3,9.2,1.3,3.3,9.8,23.8,4.1,1.2,5.3,0.213,2.4,-0.1,2.3,1.3
Mirza Teletovic,10500000,Bosnia,62,32,MIL,10,159,13.5,0.623,0.789,0,2.2,14.8,8.5,9.5,1.3,0.5,10.9,18.2,0.2,0.1,0.3,0.09,1.6,-3.3,-1.7,0
Mindaugas Kuzminskas,3025035,Lithuania,62,28,NYK,1,2,-41.1,0,0,0,0,0,0,0,0,0,0,43.6,0,0,0,-1.063,-36.5,-12.7,-49.2,0
Milos Teodosic,6000000,Serbia,62,30,LAC,45,1134,11.7,0.564,0.644,0.128,1.6,10.5,6.1,26.2,1,0.4,20.3,18.2,0.9,0.5,1.4,0.061,0.7,-2,-1.3,0.2
Miles Plumlee,12500000,USA,26,29,ATL,52,888,10.7,0.57,0,0.328,9.6,18.5,14,7.3,0.9,2.9,23.7,13.1,0.1,0.7,0.8,0.042,-3.9,1.4,-2.5,-0.1
Mike Scott,1709538,USA,43,29,WAS,72,1320,13.7,0.608,0.313,0.14,3.7,15.8,9.8,8.9,0.8,0.7,12.8,19.8,1.4,1,2.3,0.085,-0.4,-1.7,-2.2,-0.1
Mike Muscala,5000000,USA,44,26,ATL,50,984,14.6,0.599,0.526,0.203,6,18.3,12.2,7,1.5,2.3,11,15.8,1.4,0.9,2.3,0.112,0,0.2,0.2,0.6
Mike James,87552,USA,62,27,TOT,36,687,13.9,0.469,0.305,0.262,2,12.2,7,29.5,2,0.8,12,25.1,-0.1,0.3,0.2,0.016,-0.8,-1.8,-2.7,-0.1
Mike Conley,28530608,USA,4,30,MEM,12,373,15.5,0.52,0.458,0.393,0,8.6,4.2,22.3,1.6,0.8,8.4,25.9,0.4,0.2,0.6,0.079,1.2,-3.4,-2.2,0
Michael Kidd-Gilchrist,13000000,USA,2,24,CHO,71,1778,12.6,0.534,0.004,0.296,4.9,13.2,9,6,1.3,1.5,7.6,16.4,1.6,1.5,3.1,0.083,-2.1,0.3,-1.8,0.1
Michael Carter-Williams,2700000,USA,11,26,CHO,52,835,10.9,0.446,0.258,0.389,4.7,13.4,8.9,19.5,2.6,2.3,16.2,16.6,-0.2,1.1,0.8,0.048,-2.6,2,-0.7,0.3
Michael Beasley,2116955,USA,2,29,NYK,70,1582,17.7,0.557,0.101,0.195,6.3,21.5,13.9,12.4,1,2.2,14.1,26.8,0.9,1.4,2.2,0.068,-1.1,-0.6,-1.7,0.1
Meyers Leonard,9904495,USA,11,25,POR,30,237,16.8,0.661,0.333,0.139,5.1,24.2,14.8,10.6,1.3,0,11.6,16,0.6,0.3,0.9,0.181,0.6,-0.3,0.3,0.1
Maxi Kleber,815615,Germany,62,26,DAL,69,1155,12.9,0.567,0.407,0.203,6.3,14.8,10.4,6.1,1.1,3.4,7.9,13.5,1.5,1.2,2.6,0.11,-1.2,1.2,0,0.6
Maurice Harkless,10162922,USA,15,24,POR,59,1264,12.6,0.596,0.397,0.199,4,9.9,7,6,1.9,2.8,11,12.6,1.6,1.6,3.2,0.122,-0.2,2,1.8,1.2
Matthew Dellavedova,9607500,Australia,62,27,MIL,37,702,8.7,0.506,0.517,0.168,2.2,8.4,5.3,27.3,1,0,23.1,13.4,0.3,0.2,0.5,0.034,-2.2,-3.6,-5.8,-0.7
Matt Williams,50000,USA,62,24,MIA,3,11,-0.7,0.417,0.833,0,0,10.2,5.1,0,0,0,14.3,28.6,-0.1,0,0,-0.196,-8.6,-8.6,-17.1,0
Mason Plumlee,14041096,USA,22,27,DEN,70,1373,16.8,0.582,0.003,0.48,10.3,21,15.6,14.6,1.7,4.7,18.8,16.6,1.7,1.6,3.3,0.115,-1,2.6,1.6,1.3
Marvin Williams,13168750,USA,2,31,CHO,75,1941,13.3,0.593,0.537,0.223,3.9,16.4,10,6.7,1.3,1.5,9.7,14.5,2.7,1.8,4.5,0.11,0.7,0.4,1.1,1.5
MarShon Brooks,86119,USA,25,29,MEM,3,76,38.1,0.733,0.405,0.31,4.5,4.7,4.6,32.6,3.3,1.2,7.7,30.6,0.5,0.1,0.6,0.365,13.5,-2.9,10.6,0.2
Marshall Plumlee,100000,USA,62,25,MIL,8,52,10.9,0.697,0,5.333,9.1,29.3,19.3,4.8,0,1.6,23,11.4,0.1,0,0.2,0.143,-3.7,-2,-5.7,0
Marreese Speights,2116955,USA,16,30,ORL,50,647,13.9,0.541,0.678,0.158,3.4,18.7,11,9.5,0.5,2.7,9.4,26.9,0.2,0.5,0.7,0.052,0.3,-3,-2.7,-0.1
Marquis Teague,83129,USA,29,24,MEM,3,74,5.8,0.302,0.25,0.313,1.5,8,4.7,24.9,2.7,0,14.2,12.9,-0.1,0.1,-0.1,-0.036,-5.8,-1.5,-7.3,-0.1
Marquese Chriss,3073800,USA,8,20,PHO,71,1501,10.8,0.504,0.401,0.319,5.1,22.8,13.8,8.1,1.6,3.8,16.6,17.9,-0.9,1.5,0.6,0.018,-3.5,1.3,-2.1,-0.1
Markieff Morris,8000000,USA,13,28,WAS,69,1872,13.3,0.573,0.298,0.181,4.3,19.3,11.8,10.8,1.4,1.8,15.2,19.3,1.1,2,3.2,0.081,-1,0.6,-0.4,0.8
Markelle Fultz,7026240,USA,1,19,PHI,10,176,10.3,0.404,0.014,0.233,4.5,10,7.4,27.6,1.6,1.4,11.1,22,-0.1,0.2,0.1,0.025,-4.7,-0.5,-5.1,-0.1
Mario Hezonja,4078320,Croatia,5,22,ORL,71,1544,13.6,0.544,0.437,0.162,2.7,16,9.3,9.4,2.4,1.6,11.4,19.8,0.4,1.7,2.1,0.065,-1.1,0.2,-0.9,0.4
Mario Chalmers,2106407,USA,34,31,MEM,62,1353,10.1,0.5,0.424,0.298,1.1,12,6.4,21.6,2.8,0.8,18.8,19.4,-0.7,1.2,0.6,0.02,-2.3,-0.5,-2.8,-0.3
Marcus Smart,4538020,USA,6,23,BOS,54,1614,10.8,0.479,0.483,0.258,3,9.8,6.4,23.9,2.2,1.2,18.4,19.5,-0.6,2.5,1.9,0.057,-1.6,1.2,-0.4,0.7
Marcus Morris,5000000,USA,14,28,BOS,52,1398,14.8,0.547,0.385,0.255,3.4,18.7,11.2,8,1.2,0.7,8.8,23,1.2,2.1,3.3,0.115,-0.9,-0.5,-1.4,0.2
Marcus Georges-Hunt,1312611,USA,62,23,MIN,41,223,6.3,0.498,0.298,0.447,3.6,4.7,4.2,4.1,1.3,0,5.1,11.8,0.1,0,0.2,0.038,-2,-2.7,-4.7,-0.2
Marco Belinelli,6306060,Italy,18,31,TOT,76,1838,14,0.581,0.508,0.216,1.1,7.1,4.1,11.9,1.6,0.4,10.1,20.3,2.2,1.2,3.4,0.089,0.7,-2.2,-1.5,0.2
Marcin Gortat,12782609,Poland,57,33,WAS,78,1967,14.9,0.55,0,0.299,9.8,24.1,17,10.8,1,2.6,13.5,15.6,2.4,2.3,4.7,0.116,-1.5,1.9,0.4,1.2
Marc Gasol,22642350,Spain,48,33,MEM,72,2374,17.3,0.531,0.309,0.33,3.6,25.4,14.2,21.5,1.1,4,14.1,25.7,1.3,2.6,4,0.08,-0.2,1.7,1.5,2.1
Manu Ginobili,2500000,Argentina,57,40,SAS,62,1241,12.4,0.544,0.409,0.285,1.7,10.1,5.9,18.8,1.7,1.1,16.7,21.3,0.4,1.6,1.9,0.075,-0.9,-0.4,-1.2,0.2
Malik Monk,2904480,USA,11,19,CHO,60,778,8.5,0.457,0.571,0.071,1.1,8.1,4.5,15.4,1.1,0.9,10.3,24.2,-0.9,0.5,-0.4,-0.027,-2.1,-3.3,-5.3,-0.7
Malik Beasley,1700640,USA,19,21,DEN,61,581,8.8,0.504,0.458,0.186,2.7,11,6.9,7.4,1.3,1,11.1,16.1,0,0.3,0.3,0.023,-2.8,-2.5,-5.3,-0.5
Malcolm Delaney,2500000,USA,62,28,ATL,54,1014,10.7,0.519,0.435,0.323,1,10,5.5,23.5,1.7,0.5,16.9,16.9,0.4,0.6,1,0.047,-2,-1.6,-3.6,-0.4
Malcolm Brogdon,1312611,USA,36,25,MIL,46,1404,14.3,0.579,0.319,0.174,1.9,10.8,6.4,16.3,1.5,0.8,11,19.1,2,0.7,2.7,0.093,0.6,-1.8,-1.2,0.3
Malachi Richardson,1504560,USA,22,22,TOT,26,324,5.9,0.446,0.444,0.244,1.7,10.7,6,5.6,1.6,0.3,9.1,15.2,-0.2,0.1,-0.1,-0.018,-4.3,-2.2,-6.5,-0.4
Luol Deng,17190000,United Kingdo...,7,32,LAL,1,13,5.5,0.5,0,0,0,0,0,10.1,3.7,0,33.3,9.8,0,0,0,-0.019,-7.2,-1.4,-8.6,0
Luke Kennard,2759280,USA,12,21,DET,69,1339,11.6,0.55,0.42,0.157,1.6,11.5,6.4,12.4,1.5,0.9,12.3,16.9,0.8,1.3,2.2,0.077,-1.4,-0.3,-1.8,0.1
Luke Babbitt,1974159,USA,16,28,TOT,49,708,10.2,0.587,0.72,0.104,1.1,14.1,7.6,6.6,0.6,0.8,7.9,14.9,0.6,0.4,1,0.067,-0.8,-2.1,-3,-0.2
Luis Montero,50000,Dominican Rep...,62,24,DET,2,8,-15.5,0,0,0,0,28.2,13.8,0,0,0,66.7,16.6,-0.1,0,-0.1,-0.443,-23.8,-2.1,-25.8,0
Lucas Nogueira,2947305,Brazil,16,25,TOR,47,404,17.5,0.661,0.234,0.364,4.8,18.6,11.8,7,2.8,8.3,14.4,11.3,0.7,0.9,1.6,0.189,-0.7,6.2,5.5,0.8
Luc Mbah a Moute,2116955,Cameroon,37,31,HOU,58,1507,10.1,0.601,0.506,0.271,1.6,11.8,6.7,5.1,2.1,1.4,15.6,12.7,0.8,1.9,2.6,0.084,-1.4,1.3,-0.1,0.7
Lou Williams,7000000,USA,45,31,LAC,77,2527,20.5,0.575,0.391,0.36,1.8,6.7,4.3,26.5,1.6,0.6,13.1,29.9,5.6,1.3,6.9,0.131,3.9,-2.7,1.2,2.1
Lonzo Ball,6286560,USA,2,20,LAL,52,1780,12.5,0.444,0.523,0.126,4.2,17.3,10.8,29,2.4,2,18.6,17.4,-0.5,2.5,2,0.053,-0.8,2.4,1.6,1.6
LeBron James,33285709,USA,1,33,CLE,78,2898,28.5,0.62,0.254,0.33,3.6,22.3,13.1,44,1.9,2.1,15.9,31.4,10.4,3,13.4,0.222,7.5,2.2,9.7,8.6
Lauri Markkanen,3821640,Finland,7,20,CHI,65,1949,15.3,0.551,0.466,0.188,3.9,23.6,13.4,6.2,0.9,1.8,8.1,21.7,1.5,1.6,3.2,0.078,-0.7,-1.2,-1.9,0
Larry Nance,1471382,USA,27,25,TOT,62,1367,20.3,0.613,0.031,0.338,12.3,21.6,17,8.8,3,2.1,10,15.8,3.5,2.2,5.7,0.2,1.2,2.4,3.6,1.9
Larry Drew,148318,USA,62,27,TOT,10,70,3,0.354,0.375,0,4.8,0,2.3,18.7,0,0,11.1,16.7,-0.1,0,-0.1,-0.063,-5.4,-5.4,-10.7,-0.2
Langston Galloway,6666667,USA,62,26,DET,54,782,12.3,0.509,0.648,0.112,1.7,10.2,5.8,10.3,1.9,0.6,5.1,19,0.5,0.8,1.4,0.083,-0.1,-1.5,-1.6,0.1
Lance Thomas,6655325,USA,62,29,NYK,70,1302,6.4,0.512,0.476,0.21,3.7,10.5,7.1,4.3,1.1,0.9,12.4,10.5,0.2,0.6,0.8,0.031,-2.1,-0.5,-2.6,-0.2
Lance Stephenson,4180000,USA,40,27,IND,78,1747,12.4,0.501,0.321,0.173,3.7,21.2,12.6,18.4,1.2,0.8,15.1,21.8,-0.2,1.9,1.6,0.045,-1.9,-0.2,-2.1,-0.1
LaMarcus Aldridge,21461010,USA,2,32,SAS,72,2416,25.2,0.573,0.07,0.303,10.8,17.1,14,11.5,0.8,3,6.9,29.1,7.3,3.4,10.8,0.214,3.1,0.3,3.4,3.3
Kyrie Irving,18868625,Australia,1,25,BOS,60,1931,25.1,0.61,0.374,0.24,1.9,10.8,6.4,30.9,1.7,0.7,10.4,31.1,6.3,2.7,9,0.224,7,-0.6,6.4,4.1
Kyle Singler,4666500,USA,33,29,OKC,12,59,5.9,0.43,0.238,0.619,1.8,17.5,9.4,4.8,0.8,0,10.1,21.6,-0.1,0,0,-0.03,-7.6,-4.2,-11.8,-0.1
Kyle O'Quinn,4087500,USA,49,27,NYK,73,1289,19.4,0.623,0.037,0.339,9,28,18.6,16.9,1.3,6,19.3,17,2.3,1.9,4.2,0.157,-0.2,4.2,4,2
Kyle Lowry,28703704,USA,24,31,TOR,74,2387,19.6,0.6,0.63,0.283,3.1,16.1,9.7,30.4,1.7,0.5,14.5,21.6,6.8,2.9,9.7,0.195,5.5,0.4,5.8,4.7
Kyle Kuzma,1423560,USA,27,22,LAL,76,2383,14.4,0.551,0.418,0.201,4,17.4,10.7,9.2,1,1.1,10.8,22.5,1.7,2.3,4,0.08,-0.2,-1.1,-1.2,0.5
Kyle Korver,7000000,USA,51,36,CLE,70,1516,13.5,0.651,0.779,0.149,0.7,10.8,5.8,8,0.9,1.5,9.1,16.1,2.8,0.6,3.4,0.107,2.2,-2.2,0.1,0.8
Kyle Collinsworth,92160,USA,62,26,DAL,29,409,9.8,0.439,0.185,0.444,7.4,17.9,12.5,15.1,2,1.3,17.1,13,0,0.5,0.4,0.051,-3.8,2.2,-1.7,0
Kyle Anderson,2151704,USA,30,24,SAS,71,1906,15.7,0.579,0.13,0.326,4.7,17.8,11.2,14.7,2.9,2.5,16.3,13.5,2.2,3.7,5.9,0.147,-0.4,4.4,4,2.9
Kristaps Porzingis,4503600,Latvia,4,22,NYK,48,1553,20.4,0.539,0.256,0.309,4.5,18.1,11.3,6.3,1.1,6.4,8.4,31,1.4,1.8,3.2,0.1,-0.4,-0.2,-0.6,0.5
Kris Dunn,4046760,USA,5,23,CHI,52,1525,14.5,0.488,0.201,0.173,1.6,14.3,7.8,33.3,3.3,1.6,17.3,24.7,-1,1.9,0.9,0.028,-1.4,1.4,0,0.8
Kosta Koufos,8393000,USA,23,28,SAC,71,1391,17.5,0.566,0,0.19,11.7,27.8,19.3,9.7,1.7,2.2,10.4,15.2,2.3,1.5,3.8,0.132,-0.9,1.2,0.4,0.8
Klay Thompson,17826150,USA,11,27,GSW,69,2369,16.1,0.601,0.442,0.087,1.4,10.3,6.2,11.5,1.1,1.1,9.7,23.4,3,1.8,4.9,0.098,1.8,-2.2,-0.4,1
Khris Middleton,14100000,USA,39,26,MIL,78,2857,17.4,0.579,0.327,0.282,1.7,15.2,8.5,17.6,2,0.6,11.8,24.5,4.4,2.2,6.6,0.111,1.6,-1.2,0.4,1.7
Khem Birch,815615,Canada,62,25,ORL,38,481,14.6,0.543,0,0.388,13.9,19.6,16.7,8.9,1.1,3,13.6,12.8,0.8,0.5,1.2,0.123,-1.8,1.4,-0.4,0.2
Kevon Looney,1471382,USA,30,21,GSW,62,819,14.4,0.581,0.024,0.455,10.9,15.4,13.3,6.1,1.8,4.9,12.6,12.3,1.2,1.2,2.5,0.144,-1.1,2.2,1.1,0.7
Kevin Love,22642350,USA,5,29,CLE,56,1556,22.4,0.608,0.441,0.367,7.2,30.3,18.9,9.6,1.3,1.3,9.6,25.3,4.3,1.6,5.9,0.183,2.4,-1.4,1,1.2
Kevin Durant,25000000,USA,2,29,GSW,64,2196,26.2,0.643,0.337,0.331,1.7,19.4,11.2,25.3,1,4.2,12.9,30.3,7.2,2.9,10.1,0.221,5,0.9,5.9,4.4
Kentavious Caldwell-Pope,17745894,USA,8,24,LAL,70,2377,13.5,0.57,0.523,0.25,2.6,14.4,8.5,9.3,2.1,0.5,9.9,16.9,2.8,2.6,5.4,0.109,0.9,0.4,1.2,1.9
Kent Bazemore,16910113,USA,62,28,ATL,65,1789,14.5,0.547,0.405,0.297,1.6,13.9,7.7,20.1,2.7,2.2,17,22.5,0.2,1.9,2.2,0.059,-0.6,1.1,0.4,1.1
Kenneth Faried,12921348,USA,22,28,DEN,32,461,17.4,0.552,0.007,0.345,16.7,20.8,18.7,5.8,1.3,2.4,11.9,18.2,0.9,0.4,1.3,0.13,-1.1,-1.2,-2.3,0
Kemba Walker,12000000,USA,9,27,CHO,77,2663,20.7,0.571,0.441,0.307,1.2,8.8,4.9,27.5,1.6,0.8,10.3,27.5,6.3,2,8.3,0.15,5.1,-1.9,3.3,3.5
Kelly Oubre,2093040,USA,15,22,WAS,77,2121,12.2,0.539,0.465,0.299,3.1,15.5,9.3,6.4,1.7,1.4,8.8,19.4,1.6,2.2,3.7,0.085,-0.6,-0.5,-1.1,0.5
Kelly Olynyk,10607169,Canada,13,26,MIA,73,1720,18,0.615,0.44,0.27,5.6,21.4,13.5,18.8,1.8,1.7,17,21.6,2.8,2.6,5.5,0.153,1.8,1.4,3.2,2.2
Kay Felder,1312611,USA,54,22,DET,1,3,-31.6,0,0.5,0,35.9,0,18.4,0,0,0,33.3,44.2,-0.1,0,-0.1,-1.005,-29.5,-11.9,-41.4,0
Kay Felder,1312611,USA,54,22,CHI,14,134,3.6,0.386,0.273,0.182,0.8,10.8,5.6,23,1.1,0.7,17.4,28,-0.5,0.1,-0.5,-0.166,-8.2,-3.3,-11.5,-0.3
Kay Felder,1312611,USA,54,22,TOT,15,137,2.9,0.375,0.279,0.176,1.5,10.5,5.9,22.5,1.1,0.6,17.9,28.4,-0.6,0.1,-0.5,-0.185,-8.7,-3.5,-12.1,-0.3
Kawhi Leonard,18868625,USA,15,26,SAS,9,210,26,0.572,0.315,0.342,3.1,19.1,11.1,17.7,4.3,3.6,11.1,30.6,0.3,0.5,0.9,0.197,2.7,3.2,5.9,0.4
Karl-Anthony Towns,6216840,USA,1,22,MIN,78,2770,24.8,0.645,0.249,0.351,9.3,30.9,20,10.7,1.1,3.5,10.8,22.9,9.8,3.1,13,0.225,4.3,1,5.3,5.1
Jusuf Nurkic,2947305,Bosnia & Herz...,16,23,POR,75,1966,19.1,0.529,0.008,0.292,9.6,26.8,18.3,11.6,1.5,4.3,14.7,26.6,0.6,3.7,4.3,0.105,-2.7,2.7,-0.1,1
Justise Winslow,2705040,USA,10,21,MIA,65,1587,11.5,0.498,0.271,0.208,4.2,20.4,12.3,13,1.6,1.8,12.8,16.2,0.3,2.3,2.6,0.078,-2.7,1.8,-0.9,0.4
Justin Patton,2247480,USA,16,20,MIN,1,4,19.8,0.5,0,0,0,0,0,0,12.5,0,0,22.1,0,0,0,0.149,-0.7,4,3.2,0
Justin Jackson,2365560,USA,15,22,SAC,65,1413,9.8,0.53,0.429,0.09,2.1,12.9,7.2,7.3,1,0.8,8.4,14.4,0.6,0.5,1,0.036,-1.8,-1.5,-3.4,-0.5
Justin Holiday,4615385,USA,62,28,CHI,69,2180,10.9,0.518,0.574,0.211,1.5,12.6,6.8,9.9,1.7,1.3,9.8,18,0.4,1.6,1.9,0.043,-0.9,-0.2,-1.1,0.5
Justin Anderson,1579440,USA,21,24,PHI,36,485,11.9,0.523,0.486,0.197,4.9,13.9,9.6,7.3,1.4,1,6.6,18.8,0.4,0.6,1,0.103,-1.1,-1.4,-2.5,-0.1
Julyan Stone,1524305,USA,62,29,CHO,20,106,6.7,0.635,1,0.286,0,24,11.7,19.5,0.9,1.6,43.2,5.7,0,0.1,0.1,0.059,-3.9,1.1,-2.8,0
Julius Randle,4149242,USA,7,23,LAL,78,2099,19.8,0.605,0.05,0.468,8.8,22.8,15.8,15.6,0.9,1.7,16.1,25.2,3.8,2.4,6.3,0.144,0.3,0.5,0.8,1.5
Juan Hernangomez,2076840,Spain,15,22,DEN,24,275,10,0.517,0.662,0.162,7.4,14.7,11.1,5.9,1.1,0.9,10.2,13.9,0.2,0.1,0.4,0.063,-0.9,-2.3,-3.2,-0.1
Jrue Holiday,25686667,USA,17,27,NOP,77,2788,17.4,0.566,0.288,0.193,2.3,10.9,6.8,24.5,1.9,1.7,13.6,23.2,3.6,2.6,6.3,0.108,1.6,0.2,1.7,2.6
Josh Smith,5400000,USA,17,32,NOP,3,12,3.5,0.25,0,0,28.1,8.8,18.1,0,0,0,0,14.4,0,0,0,-0.015,-6,-7.4,-13.4,0
Josh Richardson,1471382,USA,40,24,MIA,78,2601,13.7,0.556,0.385,0.159,2.9,8.9,5.9,13.1,2.3,2.4,13,18.2,1.9,3.5,5.4,0.1,0,1.5,1.5,2.3
Josh McRoberts,6021175,USA,37,30,DAL,2,6,-12.5,0,1,0,0,0,0,0,0,0,0,7.6,0,0,0,-0.189,-9.8,-2.3,-12.1,0
Josh Jackson,5090040,USA,4,20,PHO,76,1929,11.8,0.482,0.235,0.296,4.8,14.2,9.4,10.2,1.9,1.4,12.2,25.7,-1.8,1.2,-0.6,-0.016,-3.1,-1.3,-4.3,-1.1
Josh Huestis,1471382,USA,29,26,OKC,67,979,5.3,0.413,0.628,0.111,4.6,14,9.1,2.7,0.8,4,12.1,9.4,-0.5,1,0.5,0.023,-4.7,0.7,-3.9,-0.5
Josh Hart,1394520,USA,30,22,LAL,59,1312,11.2,0.579,0.53,0.243,3.1,16,9.6,7.7,1.5,0.9,10.1,12.5,1.4,1.3,2.8,0.101,-0.8,0.3,-0.4,0.5
Josh Gray,92160,USA,62,24,PHO,5,86,7.3,0.349,0.317,0.268,2.4,10.1,6.2,20.8,4.5,1.9,13.2,26,-0.3,0.1,-0.2,-0.118,-5.9,0.4,-5.4,-0.1
Jose Calderon,2328652,Spain,62,36,CLE,55,888,11.5,0.652,0.517,0.167,1.7,8.3,5,17.8,1.5,0.2,17.5,11.7,1.5,0.3,1.8,0.099,0.2,-2,-1.8,0.1
Jordan Mickey,1471382,USA,33,23,MIA,23,284,10.6,0.515,0.195,0.232,7.1,25.3,16.3,4.8,1.1,3,16.6,17.1,-0.1,0.5,0.3,0.056,-5.5,0.5,-5,-0.2
Jordan Crawford,250000,USA,27,29,NOP,2,37,15.7,0.643,0.357,0,6.1,2.8,4.4,35.7,0,2.2,22.2,21.1,0.1,0,0.1,0.124,1.3,-4.7,-3.4,0
Jordan Clarkson,11562500,USA,46,25,TOT,77,1819,16.7,0.543,0.337,0.202,3.3,9.2,6.3,19.4,1.5,0.3,10.8,26.6,1.9,1.1,3.1,0.081,0.9,-2.6,-1.7,0.1
Jordan Bell,815615,USA,38,23,GSW,53,774,18.7,0.646,0.017,0.235,9.2,19.2,14.6,17.2,2.1,5.7,18.9,13.8,1.7,1.4,3,0.189,0.4,4,4.4,1.3
Jonathon Simmons,6300000,USA,62,28,ORL,69,2029,12.8,0.555,0.268,0.317,3.3,9.7,6.5,13.3,1.4,0.6,14.4,21.9,0.8,1.1,2,0.046,-1,-1.3,-2.3,-0.2
Jonathan Isaac,4186320,USA,6,20,ORL,27,536,9.8,0.465,0.317,0.172,3.3,17.2,10.2,4.8,3,4.5,14.8,15,-0.6,0.8,0.2,0.022,-4.9,3.1,-1.8,0
Jonas Valanciunas,15460675,Lithuania,5,25,TOR,74,1657,22.3,0.625,0.108,0.31,12.2,30.3,21.4,7.6,0.9,3.1,12.9,22.7,4.4,2.8,7.2,0.207,0.7,0.7,1.5,1.5
Jonas Jerebko,4000000,Sweden,39,30,UTA,70,1069,13,0.573,0.45,0.171,5.5,19.5,12.6,5.9,1.1,0.9,6.5,15.6,1.6,1.5,3.1,0.138,-0.6,-0.3,-0.9,0.3
Jon Leuer,10497319,USA,40,28,DET,8,136,8.9,0.505,0.083,0.417,5.5,20.7,13,5.3,0.4,2,14.1,16.1,0,0.1,0.1,0.052,-5.6,-0.3,-5.9,-0.1
Johnny O'Bryant,1524305,USA,36,24,CHO,36,379,12,0.47,0.251,0.146,8.1,18.7,13.3,5.9,1.2,1.3,7.6,22.5,-0.1,0.4,0.3,0.037,-3.3,-2.1,-5.3,-0.3
John Wall,18063850,USA,1,27,WAS,39,1335,18.5,0.507,0.249,0.358,1.9,9.9,5.9,43.6,1.9,2.7,16.6,29,1,1.3,2.3,0.082,1.2,-0.2,0.9,1
John Henson,11422536,USA,14,27,MIL,72,1869,15.8,0.587,0.015,0.318,9.1,21.6,15.4,8.5,1.1,4.8,13.4,15.1,2.7,2,4.7,0.12,-1.3,1.8,0.5,1.2
John Collins,1936920,USA,19,20,ATL,71,1690,18.4,0.624,0.083,0.34,11.2,23,17.1,8.2,1.2,4,14.3,17.9,3.3,1.9,5.2,0.147,-0.3,1.7,1.4,1.5
Joffrey Lauvergne,1524305,France,55,26,SAS,52,523,16.5,0.542,0.027,0.242,13.1,22.8,17.9,11.6,0.9,0.5,13.8,20.4,0.6,0.7,1.3,0.121,-1.5,-0.2,-1.6,0.1
Joel Embiid,6100266,Cameroon,3,23,PHI,63,1912,22.9,0.573,0.203,0.442,8.4,29.8,19.5,18.2,1,4.8,15.6,33.5,2.3,3.9,6.2,0.156,0.2,2.6,2.7,2.3
Joel Bolomboy,1312611,Ukraine,52,24,MIL,6,38,11.7,0.521,0.167,1,18.7,12.4,15.5,0,2.6,0,18.8,12.7,0,0,0.1,0.079,-3.1,-4.6,-7.7,-0.1
Joe Young,1471382,USA,43,25,IND,50,520,10.2,0.522,0.351,0.17,2.4,10.8,6.7,9.8,1.3,0.2,12,17.9,0.1,0.4,0.5,0.044,-2.5,-2.2,-4.7,-0.4
Joe Johnson,9505000,USA,10,36,TOT,51,1129,8.4,0.494,0.404,0.124,1.4,14.7,8.1,10.2,0.8,0.5,11.6,16,-0.2,1.2,0.9,0.04,-3.3,-0.4,-3.7,-0.5
Joe Ingles,14136364,Australia,62,30,UTA,78,2461,14.3,0.622,0.652,0.115,1.1,14.1,7.7,22.4,1.8,0.6,17.3,16,3.7,3.3,7,0.137,2,0.9,2.9,3.1
Joe Harris,1524305,USA,33,26,BRK,76,1916,13,0.626,0.576,0.169,2.8,11.3,7,9.6,0.9,0.7,12.1,16.7,2.7,0.8,3.6,0.089,1.1,-1.3,-0.2,0.9
Jodie Meeks,3290000,USA,41,30,WAS,74,1087,12.3,0.545,0.528,0.3,1.6,11.3,6.5,9.1,1.3,0.3,8,18.9,1.1,0.7,1.9,0.083,-0.5,-2.4,-2.9,-0.2
Joakim Noah,17765000,USA,9,32,NYK,7,40,15.6,0.51,0,0.4,16.7,22.1,19.4,14,2.5,4.3,25.4,17.2,0,0.1,0.1,0.071,-2.3,3.3,1,0
Jimmy Butler,19301070,USA,30,28,MIN,56,2077,23.5,0.589,0.22,0.446,4.1,12.9,8.5,20.7,2.6,1,8.9,24.7,6.8,1.6,8.4,0.194,4.8,0,4.9,3.6
Jerryd Bayless,9000000,USA,11,29,PHI,39,925,7.6,0.546,0.557,0.168,1.8,7.3,4.7,8.1,1.2,0.5,14.1,15.1,0.2,0.9,1.1,0.055,-1.8,-0.9,-2.7,-0.2
Jerian Grant,1713840,USA,19,25,CHI,70,1574,14.5,0.531,0.37,0.387,2,9.6,5.7,30.6,1.8,0.4,13.3,17.3,2.4,0.9,3.3,0.1,0,-1.7,-1.8,0.1
Jeremy Lin,12000000,USA,62,29,BRK,1,25,16,0.597,0.167,0.583,0,0,0,27.3,0,0,16.6,31.3,0,0,0,0.087,-3,-10.4,-13.4,-0.1
Jeremy Lamb,7000000,USA,12,25,CHO,77,1901,17,0.557,0.307,0.255,2.7,15.7,9.1,15.4,1.5,1.4,9.2,22.6,2.8,1.8,4.7,0.118,1.1,-0.2,0.8,1.4
Jeremy Evans,104059,USA,55,30,ATL,1,5,10.4,1,0,0,22.4,0,11.2,0,0,0,50,17.5,0,0,0,-0.03,-2.3,-6.1,-8.3,0
Jerami Grant,1524305,USA,39,23,OKC,78,1585,15.6,0.596,0.245,0.497,5.7,16.1,10.7,5.1,0.9,4.1,9.1,16,3,1.8,4.8,0.145,-1.1,0.2,-0.9,0.4
Jeff Withey,1577320,USA,39,27,DAL,9,39,8.3,0.444,0.625,0.125,2.8,26.4,14.3,0,0,6.8,10.6,22,-0.1,0.1,0,-0.053,-9.1,-3.6,-12.7,-0.1
Jeff Teague,19000000,USA,19,29,MIN,66,2166,16.1,0.55,0.286,0.303,1.2,9.4,5.3,30.5,2.2,0.9,16.8,20.4,3,1.3,4.3,0.095,1.4,-1.3,0.1,1.1
Jeff Green,2116955,USA,5,31,CLE,74,1715,14.2,0.571,0.269,0.371,3.8,11.5,7.7,8.1,1.1,1.6,9.5,19.5,2.5,0.8,3.3,0.092,-0.7,-1.6,-2.4,-0.2
Jayson Tatum,5645400,USA,3,19,BOS,78,2383,15.1,0.586,0.293,0.308,2.2,15.7,9.1,8.3,1.6,2,10.8,19.4,2.9,3.9,6.9,0.138,-0.6,1.6,0.9,1.8
Jaylen Morris,92160,USA,62,22,ATL,6,98,6.9,0.452,0.29,0,2.3,16,9.1,10.8,1,0.9,16.2,16.5,-0.1,0.1,-0.1,-0.043,-5.9,-1,-6.8,-0.1
Jaylen Brown,4956480,USA,3,21,BOS,67,2062,13.3,0.556,0.376,0.287,3.6,14.3,9,8.4,1.6,1,12,21,1,3.2,4.2,0.098,-0.8,0.6,-0.2,0.9
Jawun Evans,815615,USA,39,21,LAC,48,778,7.2,0.421,0.213,0.194,1.3,10.4,5.9,17.8,2.2,0.6,13.8,17.7,-0.8,0.7,-0.1,-0.008,-4.3,-0.5,-4.7,-0.5
JaVale McGee,2116955,USA,18,30,GSW,62,584,21.8,0.634,0.029,0.233,10.8,18.5,14.9,8.1,1.6,7.6,9.2,18.8,1.5,1,2.6,0.212,0.2,2.5,2.7,0.7
Jason Terry,2328652,USA,10,40,MIL,47,762,8,0.531,0.746,0.063,0.8,6.5,3.6,9.7,2.4,1.4,13.6,10.1,0.2,0.5,0.7,0.043,-1.5,-0.7,-2.2,0
Jason Smith,5225000,USA,20,31,WAS,31,276,8.2,0.444,0.277,0.17,7.4,13.9,10.7,7.6,0.5,3.8,11.7,21.9,-0.3,0.2,-0.1,-0.009,-5.1,-1.2,-6.3,-0.3
Jarrett Jack,2328652,USA,22,34,NYK,58,1483,11.2,0.487,0.193,0.167,1.5,11.9,6.7,31.3,1.2,0.2,19.9,16.5,0.3,0.7,1,0.032,-2,-1.6,-3.6,-0.6
Jarrett Allen,1713720,USA,22,19,BRK,68,1341,17.6,0.634,0.037,0.387,10.9,17.7,14.3,5.6,1,4.1,15.3,16.7,2.5,1.3,3.9,0.139,-1.1,1.2,0.1,0.7
Jarell Martin,1471382,USA,25,23,MEM,73,1661,10.5,0.516,0.198,0.234,6.6,15.8,11.1,7,1.2,2.8,13.6,17.1,0.1,1.3,1.4,0.04,-3.1,0.1,-3,-0.4
Jarell Eddie,83129,USA,62,26,TOT,3,9,-1.9,0,1,0,0,12,6.1,0,5.6,0,0,9.8,0,0,0,-0.141,-10.1,1.7,-8.4,0
Jared Dudley,10000000,USA,22,32,PHO,45,626,8.7,0.554,0.682,0.264,1.3,13.4,7.3,16.2,1.7,1.2,17.5,10.1,0.4,0.3,0.8,0.058,-1.8,-0.2,-2,0
JaMychal Green,8533333,USA,62,27,MEM,55,1542,14,0.53,0.26,0.227,10.8,24.4,17.4,8.3,1.1,1.5,12.4,17.9,1.3,1.3,2.6,0.081,-1.1,-0.2,-1.3,0.3
Jamil Wilson,50000,USA,62,27,LAC,15,274,11.4,0.634,0.778,0.049,1.2,11.4,6.4,5.2,0.9,2.4,8.8,14.3,0.4,0.2,0.6,0.099,1.1,-1,0.1,0.1
James Michael McAdoo,50000,USA,62,25,PHI,3,18,7.5,0.508,1,0.286,0,11.6,6,0,0,4.6,11.3,21.1,0,0,0,0.023,-4.3,-4.4,-8.8,0
James Johnson,13954000,USA,16,30,MIA,70,1873,15.9,0.575,0.308,0.26,3.6,17.2,10.4,22.7,1.9,2.2,17.1,19,2.2,2.8,4.9,0.126,0.1,1.9,2,1.9
James Harden,28299399,USA,3,28,HOU,69,2449,30.2,0.619,0.499,0.498,1.8,15.4,8.6,44.8,2.5,1.7,14.7,36.2,11.4,3.6,15,0.294,9.8,1.3,11.1,8.1
James Ennis,3028410,USA,50,27,TOT,68,1540,11.8,0.592,0.391,0.314,5.3,11.1,8.1,6.7,1.5,1.1,11.6,13.6,2,1.1,3.1,0.096,-0.5,-0.4,-0.9,0.4
Jameer Nelson,4736050,USA,20,35,TOT,50,1013,8.2,0.489,0.508,0.082,1.4,9.5,5.6,23,1.3,0.3,21,13.7,-0.1,0.6,0.6,0.027,-2.6,-1.5,-4.1,-0.5
Jameel Warney,46080,USA,62,24,DAL,3,27,22.6,0.599,0,0.417,16,21.2,18.5,0,0,0,6.6,25.6,0.1,0,0.1,0.159,-3.1,-9,-12.1,-0.1
Jamal Murray,3355320,Canada,7,20,DEN,77,2414,16.2,0.577,0.414,0.238,3.6,9.7,6.6,16.3,1.6,0.9,13,22.9,4,1.2,5.1,0.102,1.8,-2.1,-0.2,1.1
Jamal Crawford,10942762,USA,8,37,MIN,76,1566,13.5,0.527,0.425,0.154,1.3,5.5,3.4,17.1,1.2,0.4,10.8,24.2,1.1,0.3,1.3,0.041,0.3,-4.3,-3.9,-0.8
Jakob Poeltl,2825640,Austria,9,22,TOR,78,1429,17,0.648,0.006,0.272,12.4,16.1,14.3,5.6,1.2,5.4,16.2,14.6,2.9,2.2,5.1,0.17,0.3,2.9,3.2,1.9
Jake Layman,1312611,USA,47,23,POR,33,155,3.8,0.331,0.432,0.068,2.9,7,4.9,8.7,1.9,2.1,9.9,14.3,-0.3,0.2,-0.1,-0.036,-5.8,0.3,-5.5,-0.1
Jahlil Okafor,4995120,USA,3,22,TOT,28,353,15.4,0.584,0.029,0.21,6.3,19.4,12.8,5.9,0.4,3.9,12.2,21,0.3,0.3,0.6,0.083,-3.7,-0.7,-4.4,-0.2
Jae Crowder,6796117,USA,34,27,TOT,76,2007,10.3,0.531,0.506,0.226,3.1,11.4,7.3,6.9,1.5,0.8,9.5,16.9,1,1.5,2.5,0.06,-0.8,-1,-1.8,0.1
Jacob Pullen,50000,USA,62,28,PHI,3,6,-2.3,0.5,0.5,0,0,0,0,0,0,0,33.3,21.4,0,0,0,-0.211,-10.5,-4.7,-15.3,0
Jabari Parker,6782392,USA,2,22,MIL,27,621,17.3,0.559,0.254,0.164,5.3,16.4,10.9,13.7,1.6,1.4,10,23.3,0.7,0.5,1.2,0.094,0.1,-1.6,-1.6,0.1
J.R. Smith,13760000,USA,18,32,CLE,76,2152,8.5,0.534,0.645,0.098,1.5,10,5.8,8.6,1.5,0.4,11.6,13.8,0.5,0.9,1.4,0.031,-0.6,-1,-1.6,0.2
J.J. Redick,23000000,USA,11,33,PHI,67,2021,15.6,0.612,0.524,0.244,0.5,8.3,4.5,15.2,0.8,0.2,9.8,21.5,4.4,1.8,6.1,0.146,2.4,-2.5,-0.1,1
J.J. Barea,3903900,Puerto Rico,62,33,DAL,69,1603,17.8,0.545,0.454,0.148,1,13.3,7,45.1,1.1,0.2,16.3,24.9,2.3,1.1,3.3,0.1,2.4,-2.2,0.2,0.9
Ivica Zubac,1312611,Croatia,32,20,LAL,39,336,15.6,0.567,0,0.446,11.2,20.2,15.7,9.1,0.9,2.7,14.8,17.9,0.5,0.4,0.9,0.122,-2.6,0.2,-2.4,0
Ivan Rabb,950000,USA,35,20,MEM,32,401,15.6,0.599,0,0.22,11.8,23.7,17.6,9.7,1,1.6,18.8,17.9,0.4,0.3,0.8,0.093,-2.3,-0.5,-2.8,-0.1
Ish Smith,6000000,USA,62,29,DET,78,1966,15,0.517,0.115,0.151,1.5,10.8,6.1,28,1.5,0.9,11.1,20.7,2,2,4,0.098,-0.9,-0.6,-1.5,0.3
Isaiah Whitehead,1312611,USA,42,22,BRK,16,180,11.6,0.53,0.209,0.221,2.3,13.1,7.7,19.7,2.2,0.8,20.3,28.4,-0.3,0.2,-0.1,-0.035,-4.2,-1.3,-5.5,-0.2
Isaiah Thomas,6261395,USA,60,28,TOT,32,862,12.6,0.508,0.447,0.311,2.2,6.3,4.2,27,0.8,0.3,16.6,28.8,-0.1,0.3,0.2,0.008,-0.9,-4.3,-5.2,-0.7
Isaiah Taylor,1312611,USA,62,23,ATL,64,1086,11.2,0.499,0.195,0.379,2.3,6.8,4.5,27,1.4,0.8,15.5,19.7,0.4,0.4,0.8,0.035,-2.7,-2.5,-5.2,-0.9
Isaiah Canaan,1069308,USA,34,26,TOT,20,422,13.5,0.539,0.482,0.372,1.5,10.1,5.7,26.7,1.8,0.2,15.4,18.9,0.5,0.1,0.6,0.072,0.1,-2.5,-2.4,0
Iman Shumpert,10337079,USA,17,27,CLE,14,276,6.4,0.48,0.448,0.259,2.9,13.6,8.3,8.1,1.6,1.2,19.9,13,-0.2,0.2,0,-0.006,-3.9,-0.1,-4,-0.1
Ike Anigbogu,950000,USA,47,19,IND,10,28,23.2,0.558,0,0.667,20.4,16.1,18.2,0,1.8,9.5,14.7,21.8,0.1,0,0.1,0.177,-4.1,-1.4,-5.4,0
Ian Mahinmi,16661641,France,28,31,WAS,74,1096,12.9,0.614,0.008,0.523,13.7,17,15.4,6.9,1.7,3.2,24.4,15.6,1,1.4,2.4,0.104,-1.7,1.7,-0.1,0.5
Ian Clark,1577230,USA,62,26,NOP,72,1398,9.1,0.525,0.391,0.124,0.8,8.4,4.7,10.1,1.1,0.6,10.2,17.3,0.1,0.8,0.9,0.029,-2.2,-2,-4.2,-0.8
Henry Ellenson,1780800,USA,18,21,DET,34,242,7.7,0.422,0.389,0.148,4,24.2,13.9,10.7,0.6,0,10.8,23.6,-0.4,0.3,-0.2,-0.033,-5.9,-2.4,-8.3,-0.4
Hassan Whiteside,23775506,USA,33,28,MIA,51,1303,24.1,0.578,0.004,0.33,14.2,36.9,25.6,6.8,1.4,5.8,12.8,24.4,2.2,3,5.2,0.19,-2.1,2.4,0.2,0.7
Harrison Barnes,23112004,USA,7,25,DAL,75,2561,16,0.542,0.272,0.262,3.2,17.2,10,10,1,0.5,8.2,25.2,2.1,1.9,4,0.075,-0.6,-1.2,-1.8,0.1
Guerschon Yabusele,2247480,France,16,22,BOS,31,182,10.5,0.543,0.689,0.378,9.2,15.4,12.4,11.1,0.6,0.9,17.3,15.6,0.1,0.2,0.4,0.101,-1.1,-0.4,-1.5,0
Greg Monroe,17884176,USA,7,27,TOT,47,951,20.2,0.586,0,0.303,11.8,25.2,18.4,16.8,2,1.7,17.9,22.4,1.3,1.4,2.7,0.134,-0.5,1.9,1.3,0.8
Gorgui Dieng,14112360,Senegal,21,28,MIN,75,1281,14.2,0.536,0.147,0.266,8.8,22.2,15.4,7.6,1.7,2.5,12.4,16.2,1.3,1.2,2.5,0.096,-1.3,0.6,-0.7,0.4
Gordon Hayward,29727900,USA,9,27,BOS,1,5,7.4,0.5,0.5,0,0,21.6,11,0,0,0,0,17.9,0,0,0,0.057,-5.9,-6,-11.9,0
Goran Dragic,17000450,Slovenia,45,31,MIA,73,2324,16.8,0.544,0.281,0.255,2.6,12,7.3,25.4,1.3,0.4,12.1,25.8,3,2.4,5.4,0.111,1.2,-1.1,0.1,1.2
Glenn Robinson,1524305,USA,40,24,IND,19,241,8.9,0.443,0.322,0.119,3.8,8.4,6.1,7.2,2.3,0.4,3.1,11.9,0.1,0.2,0.3,0.058,-2.4,-0.4,-2.7,0
Giannis Antetokounmpo,22471910,Greece,15,23,MIL,73,2698,27.7,0.603,0.099,0.465,6.8,25.1,16,23.7,1.9,3.3,11.6,31.3,8.6,3.5,12.1,0.214,4.2,1.8,5.9,5.4
Gian Clavell,50000,Puerto Rico,62,24,DAL,7,64,7.4,0.53,0.833,0.111,1.7,10.7,6.1,6.7,1.6,0,9.6,14.8,0,0,0.1,0.043,-1.7,-1.8,-3.5,0
Gerald Green,947248,USA,18,32,HOU,37,825,14,0.558,0.721,0.146,1.9,14,8,4.4,1.4,1.3,5.2,21.7,1,0.9,1.9,0.112,0.6,-2.3,-1.8,0.1
Georgios Papagiannis,2301360,Greece,13,20,SAC,16,118,10.7,0.415,0,0,11.1,24.3,17.4,11.5,0.9,4.8,16.3,18.6,-0.2,0.1,0,-0.02,-6.3,1.3,-5.1,-0.1
Georges Niang,100000,USA,50,24,UTA,7,18,15,0.394,0.375,0.25,12.8,18.8,15.8,26.7,5.6,0,18.4,27.3,0,0,0,0.008,-2,3.5,1.5,0
George Hill,20000000,USA,26,31,TOT,65,1783,13.2,0.581,0.399,0.273,2.6,8.9,5.7,14.9,1.6,1.3,13.2,16.4,2.3,0.8,3.1,0.083,0.3,-1,-0.7,0.6
Gary Payton,50000,USA,62,25,TOT,19,149,7.6,0.414,0.319,0.064,6.1,11.7,8.9,12.4,1,1.7,5.8,15.3,0,0.1,0.1,0.021,-3.4,-1.7,-5.2,-0.1
Gary Harris,2550055,USA,19,23,DEN,65,2265,16.6,0.599,0.436,0.175,1.8,6.8,4.3,13.1,2.6,0.6,11,20.6,3.9,1.4,5.4,0.113,2.5,-1.6,1,1.7
Garrett Temple,8000000,USA,62,31,SAC,65,1615,10.2,0.536,0.477,0.164,1.5,9.6,5.4,11.2,1.8,1.6,13.4,16.4,0.3,0.8,1.1,0.033,-1.3,-0.7,-2,0
Furkan Korkmaz,1465920,Turkey,26,20,PHI,12,69,6.5,0.446,0.625,0.167,3.3,13.6,8.6,6,1.4,1.2,7.2,17.2,0,0.1,0,0.034,-3.7,-1.6,-5.3,-0.1
Fred VanVleet,1312611,USA,62,23,TOR,73,1478,16.2,0.562,0.478,0.184,1.9,11.7,6.9,22.6,2.2,1,10.7,19.1,2.9,1.9,4.7,0.154,2.1,0,2.2,1.6
Frank Ntilikina,3501120,France,8,19,NYK,74,1566,6.5,0.429,0.313,0.15,2.3,9.2,5.8,19.8,1.9,0.9,20.5,17,-2.1,1,-1.2,-0.036,-3.9,-0.5,-4.4,-0.9
Frank Mason,1184385,USA,34,23,SAC,51,972,13.1,0.479,0.224,0.301,3.4,12.1,7.5,22.8,1.8,1,12.7,22.5,0.1,0.5,0.6,0.028,-1.8,-1.5,-3.3,-0.3
Frank Kaminsky,2847600,USA,9,24,CHO,76,1755,14,0.542,0.38,0.281,2.7,14.4,8.4,10.8,1,0.9,7.9,20.3,2,1.3,3.2,0.089,0,-1.2,-1.2,0.4
Evan Turner,17131148,USA,2,29,POR,75,1910,9.9,0.519,0.224,0.195,1.7,11.5,6.6,12.4,1,1.1,13.5,15.7,0.6,1.8,2.4,0.06,-2.4,0.3,-2.1,0
Evan Fournier,17000000,France,20,25,ORL,57,1837,15.6,0.577,0.418,0.216,1.4,9.5,5.4,14.8,1.3,0.7,9.8,23.3,2.5,0.9,3.4,0.089,1.6,-2.1,-0.4,0.7
E'Twaun Moore,8445024,USA,55,28,NOP,78,2468,11.9,0.587,0.364,0.079,2.5,7.5,5.1,10,1.5,0.4,10.7,16.2,2.4,1.5,3.9,0.075,0.5,-0.8,-0.4,1
Ersan Ilyasova,6000000,Turkey,36,30,TOT,65,1627,14.5,0.555,0.414,0.216,7.6,17.5,12.6,7.6,1.7,1.2,9.7,18.4,1.9,1.7,3.6,0.106,0,-0.2,-0.2,0.7
Eric Moreland,1739333,USA,62,26,DET,63,715,13,0.511,0,0.26,11,27.4,19,13.5,1.7,5.7,25.9,9.3,0.4,1.4,1.9,0.125,-3.6,5.8,2.2,0.8
Eric Gordon,12943020,USA,7,29,HOU,68,2127,15.3,0.58,0.623,0.251,1.3,7.6,4.5,11.6,1,1.1,10.8,24.8,3,1.7,4.7,0.106,1.5,-2.5,-1,0.6
Eric Bledsoe,14500000,USA,18,28,TOT,70,2209,19.3,0.577,0.364,0.318,2.6,11.5,7.1,24.9,3.2,1.5,16.1,26.3,2.6,2.3,4.9,0.107,2.2,-0.4,1.8,2.1
Enes Kanter,20566802,Turkey,3,25,NYK,71,1830,24,0.63,0.003,0.258,16.6,30.6,23.7,9.5,1,1.8,13.3,21.8,5.5,2.1,7.6,0.198,2.5,0.1,2.6,2.1
Emmanuel Mudiay,3381480,Democratic Re...,7,21,TOT,63,1237,11.6,0.476,0.281,0.246,2.4,11.3,6.8,24.6,1.6,0.8,16.2,24.4,-0.7,0.7,0,0,-2.5,-2.2,-4.7,-0.8
Emeka Okafor,239204,USA,2,35,NOP,24,341,16.3,0.538,0,0.228,15.2,21.9,18.7,2.8,1.1,5.8,11.4,14.5,0.5,0.5,1,0.134,-2.8,1.2,-1.6,0
Elfrid Payton,3332340,USA,10,23,TOT,63,1808,16.6,0.538,0.138,0.252,3.8,12.8,8.3,34.9,2.2,1,18.5,21.8,1.4,1.4,2.9,0.076,0.1,0,0.1,1
Ekpe Udoh,3200000,USA,6,30,UTA,59,783,15.3,0.566,0.009,0.487,9.4,11.4,10.4,9.1,2.7,7.8,12.5,9.2,1.3,1.7,3,0.185,-1.2,6.8,5.6,1.5
Ed Davis,6352531,USA,13,28,POR,76,1439,15.8,0.61,0.003,0.387,13.9,28.6,21.3,4,1.1,2.9,15.8,12.2,2.6,2.4,5,0.168,-1.6,1.7,0.1,0.8
Dwyane Wade,15550000,USA,5,36,TOT,64,1476,15.5,0.506,0.163,0.281,3.8,14.7,9.3,23.7,1.9,2.6,15.5,26.1,-0.2,1.5,1.4,0.045,-2.1,0.5,-1.7,0.1
Dwight Powell,9003125,Canada,45,26,DAL,76,1587,18.7,0.661,0.173,0.43,8.9,21.1,14.8,8.1,2,1.7,10.6,15.4,4.4,2,6.4,0.193,1.1,1.6,2.7,1.9
Dwight Howard,23500000,USA,1,32,CHO,78,2384,20.5,0.578,0.008,0.642,10.9,33.4,21.9,7.1,1,4.5,15.2,24.3,2.8,3.7,6.4,0.13,-2,1.7,-0.3,1
Dwight Buycks,748160,USA,62,28,DET,29,427,12.8,0.498,0.227,0.207,3,7.7,5.3,22.4,2.2,0.4,15.3,26.4,-0.2,0.4,0.3,0.029,-2.5,-1.7,-4.2,-0.2
Dwayne Bacon,815615,USA,40,22,CHO,53,713,5.8,0.431,0.224,0.13,0.6,18.6,9.4,7.6,1.1,0.2,10.2,13.7,-0.7,0.6,-0.1,-0.008,-5.5,-0.4,-5.8,-0.7
Draymond Green,16400000,USA,35,27,GSW,66,2171,16.4,0.555,0.409,0.28,4.1,21.1,13.2,29.1,2,3.2,21.8,17.1,2.8,3.4,6.2,0.138,0.6,2.9,3.5,3
Dragan Bender,4468800,Croatia,4,20,PHO,79,1957,6.6,0.512,0.666,0.105,1.9,16.2,8.9,9,0.5,2.1,18.3,12.6,-0.9,0.7,-0.2,-0.006,-3,0,-3,-0.5
Doug McDermott,3294994,USA,11,26,TOT,79,1724,10.5,0.579,0.42,0.164,2.6,10.2,6.3,6.6,0.5,0.8,9.4,15,1.7,0.6,2.3,0.064,-0.7,-1.7,-2.4,-0.2
Dorian Finney-Smith,1312611,USA,62,24,DAL,18,344,6.3,0.468,0.595,0.155,5,13,8.9,7,1,1,15.1,14,-0.2,0.2,0,0.005,-3.5,-0.2,-3.7,-0.1
Donovan Mitchell,2621280,USA,13,21,UTA,75,2512,16.5,0.541,0.407,0.209,2.2,10.1,6.2,19.2,2.2,0.9,12.7,29,1.2,3.5,4.7,0.089,1.2,-0.3,0.8,1.8
Domantas Sabonis,2550000,Lithuania,11,21,IND,70,1711,17.3,0.57,0.054,0.346,10.5,25.3,18,12.6,1,1.5,15.7,21.7,2.4,2.1,4.5,0.125,-0.8,0.4,-0.4,0.7
Dirk Nowitzki,5000000,Germany,9,39,DAL,77,1900,16.7,0.575,0.445,0.142,1.3,25.1,12.8,10.4,1.1,2.1,6,20.5,2.6,2.2,4.9,0.123,0.1,0.3,0.4,1.2
Dion Waiters,11000000,USA,4,26,MIA,30,918,10.5,0.487,0.415,0.168,1,8.5,4.7,19.8,1.3,0.8,13.7,25,-0.7,0.9,0.1,0.006,-2.1,-1.9,-4,-0.5
Dillon Brooks,815615,Canada,45,22,MEM,78,2220,9.1,0.526,0.343,0.187,2.3,10.1,6.1,8.4,1.5,0.7,12.8,17.9,-0.3,1.1,0.9,0.018,-2.2,-1.3,-3.4,-0.8
Deyonta Davis,1312611,USA,31,21,MEM,58,841,16.7,0.624,0,0.23,9,21.7,15.2,7.3,0.8,3.9,10.1,15.4,1.7,0.8,2.5,0.142,-1.3,0.5,-0.8,0.3
Dewayne Dedmon,6000000,USA,62,28,ATL,59,1458,15.7,0.599,0.301,0.166,7.4,28.1,17.8,9.2,1.3,2.7,14.8,17.1,1.6,1.7,3.3,0.11,-1.1,1.5,0.4,0.9
Devin Harris,4402546,USA,5,34,TOT,67,1272,12.8,0.561,0.493,0.384,1,9.8,5.3,16.7,1.8,0.8,13,20.1,1.4,0.9,2.3,0.087,-0.3,-1.6,-1.8,0
Devin Booker,2319360,USA,13,21,PHO,54,1865,18.1,0.561,0.364,0.312,1.5,12.7,7,24.5,1.2,0.6,13.9,31.6,1.9,0.5,2.4,0.063,2.9,-2.4,0.5,1.2
Derrick Williams,104059,USA,2,26,LAL,2,9,-3.2,0.25,0.5,0,0,11.8,5.9,0,0,0,0,18.9,0,0,0,-0.192,-11.5,-6.7,-18.2,0
Derrick White,1404600,USA,29,23,SAS,17,139,15.9,0.646,0.394,0.606,4,16.9,10.4,9.3,1.5,1.8,12.6,15.4,0.3,0.2,0.5,0.171,0,0.5,0.5,0.1
Derrick Rose,2116955,USA,1,29,TOT,21,366,12.3,0.515,0.164,0.267,4,6,5.1,14.6,0.7,0.9,14.8,26.2,-0.1,0,-0.1,-0.01,-3.5,-4,-7.4,-0.5
Derrick Jones,1312611,USA,62,20,TOT,19,245,10.3,0.488,0.346,0.462,9.6,7.8,8.7,5.1,0.8,4.4,10.1,12.7,0.2,0.3,0.4,0.081,-2.5,0.8,-1.7,0
Derrick Favors,12000000,USA,3,26,UTA,73,2044,18.8,0.594,0.084,0.319,10.6,18.4,14.5,8,1.3,3.2,10.3,18.5,4.3,3.2,7.5,0.176,0.4,2.1,2.5,2.4
Denzel Valentine,2186400,USA,14,24,CHI,77,2095,12.1,0.527,0.513,0.071,2.4,18.3,10,17.8,1.5,0.5,11.8,17.5,1,1.6,2.6,0.059,-0.4,0,-0.5,0.8
Dennis Smith,3218280,USA,9,20,DAL,67,1978,12.8,0.475,0.333,0.189,2.6,11.8,7.1,29,1.7,0.7,15,29.1,-2.3,1.7,-0.7,-0.017,-1.5,-0.7,-2.2,-0.1
Dennis Schroder,15500000,Germany,17,24,ATL,67,2078,17.3,0.515,0.229,0.231,2.4,8.8,5.6,36.4,1.7,0.2,12.7,30.4,1.6,1,2.6,0.06,1.5,-2.2,-0.7,0.7
Demetrius Jackson,92858,USA,45,23,PHI,3,17,24.6,0.82,0.25,0.5,6.6,0,3.2,35.5,2.8,0,17,14.8,0.1,0,0.1,0.298,5,-4,1,0
DeMarre Carroll,14800000,USA,27,31,BRK,73,2180,14.3,0.55,0.498,0.313,5,18.4,11.7,10.6,1.3,1,10.3,19.8,2.3,1.8,4.1,0.09,0.5,-0.2,0.2,1.2
DeMarcus Cousins,18063850,USA,5,27,NOP,48,1737,22.7,0.583,0.34,0.456,6.8,31,19.3,23.2,2.2,3.5,18.9,31.9,1.5,3.2,4.7,0.129,2,3.6,5.6,3.3
DeMar DeRozan,27739975,USA,9,28,TOR,77,2616,21.3,0.558,0.202,0.399,2.4,10.4,6.5,24.8,1.6,0.6,9.5,29.7,6.8,2.6,9.5,0.174,2.9,-0.9,2,2.6
Delon Wright,1645200,USA,20,25,TOR,65,1339,16.8,0.577,0.342,0.261,3.8,11.5,7.7,19.8,2.5,2,14.2,17.2,2.4,1.9,4.3,0.153,1.3,1.6,2.9,1.6
Dejounte Murray,1312611,USA,29,21,SAS,78,1669,14.9,0.484,0.057,0.228,7,22.6,14.7,20.5,2.8,1.4,16.9,20.7,-0.3,3.3,3,0.085,-2.3,3.5,1.1,1.3
DeAndre Liggins,1577230,USA,53,29,TOT,55,711,6.2,0.485,0.52,0.049,1.2,10.8,6.1,8.1,2.6,1.7,16.1,7.8,-0.1,0.7,0.6,0.037,-3.2,1.2,-2,0
DeAndre Jordan,22642350,USA,35,29,LAC,73,2321,20.2,0.651,0,0.541,15,37.6,26.5,7.1,0.8,2.5,16.3,15.2,5.8,3.5,9.2,0.191,0.5,1.8,2.3,2.5
DeAndre' Bembry,1567200,USA,21,23,ATL,23,395,6.2,0.467,0.239,0.248,2.3,15.8,9.1,14.1,1.9,2.2,25.8,18,-0.9,0.4,-0.5,-0.06,-6.6,1.1,-5.5,-0.3
De'Aaron Fox,4609200,USA,5,20,SAC,70,1928,11.2,0.477,0.188,0.242,1.6,9.7,5.5,24.5,1.8,1,16.1,23.2,-1.5,0.9,-0.6,-0.015,-2.8,-1.6,-4.4,-1.2
Davon Reed,815615,USA,32,22,PHO,18,195,5.2,0.386,0.492,0.169,1.1,16.8,8.8,6.5,2.5,0.8,9.9,15.3,-0.3,0.1,-0.2,-0.047,-5.6,-0.5,-6.1,-0.2
Davis Bertans,1312611,Latvia,42,25,SAS,74,1067,14.2,0.587,0.691,0.136,1.9,13.9,7.8,10.4,1.2,2.2,8.4,17.4,1.6,1.5,3.1,0.137,1.3,-0.2,1.1,0.8
David West,2328652,USA,18,37,GSW,69,947,21.4,0.609,0.022,0.209,7.7,18.5,13.5,20.4,2.3,6,16.4,22,1.7,1.7,3.5,0.175,0,3.4,3.4,1.3
David Stockton,148318,USA,62,26,UTA,2,6,31.4,0.931,1,2,0,0,0,0,0,0,21,35.8,0.1,0,0.1,0.464,11.9,-9.4,2.5,0
David Nwaba,1312611,USA,62,25,CHI,66,1529,12.8,0.561,0.121,0.532,5.4,16.2,10.6,9.4,1.8,1.7,13.1,15,1.4,1.4,2.8,0.087,-2.2,1.2,-1,0.4
Darren Collison,10000000,USA,21,30,IND,65,1929,18.9,0.613,0.327,0.235,2.1,7.6,4.9,26.3,2.3,0.7,11.2,17.4,5.6,1.8,7.3,0.182,3.2,-1,2.2,2
Darrell Arthur,7464912,USA,27,29,DEN,19,141,8.4,0.559,0.489,0.064,2.4,9.6,6,9.3,2.8,1.8,23.7,19.5,-0.2,0.1,0,-0.012,-3.5,-1.1,-4.6,-0.1
Darius Miller,2100000,USA,46,27,NOP,78,1847,9.4,0.619,0.746,0.131,1,7.9,4.6,7.7,0.6,0.7,10.1,12.8,2.1,0.8,2.9,0.075,0.6,-1.7,-1.1,0.4
Dario Saric,2422560,Croatia,12,23,PHI,74,2229,16.1,0.587,0.447,0.239,7.5,16.7,12.3,13,1.1,0.7,13.4,20.9,3.7,2.8,6.5,0.14,1.7,-0.1,1.6,2
Dante Exum,4992385,Australia,5,22,UTA,10,148,21.9,0.63,0.203,0.356,1.6,11.4,6.5,32.9,2,0.6,15,24.4,0.4,0.2,0.6,0.21,2.2,-1.1,1.1,0.1
Dante Cunningham,2300000,USA,33,30,TOT,70,1499,9.7,0.542,0.474,0.149,5.1,14.5,9.9,4.1,1.2,1.4,8.1,11.5,1,1.2,2.2,0.071,-1.5,-0.1,-1.6,0.2
Danny Green,10000000,USA,46,30,SAS,67,1742,11.5,0.51,0.572,0.114,2.6,12.9,7.7,9,1.7,3.8,11,16.5,0.1,2.8,3,0.081,-1,2.3,1.3,1.5
Danilo Gallinari,20559599,Italy,6,29,LAC,21,671,13.9,0.545,0.434,0.34,1.5,14.8,8.3,8.9,0.9,1.2,8.1,20.6,0.8,0.4,1.3,0.091,0,-1.3,-1.3,0.1
Daniel Theis,815615,Germany,62,25,BOS,63,936,16.2,0.616,0.249,0.348,10.7,21.2,16.1,9.1,1.6,4.3,17.2,15.5,1.6,1.9,3.5,0.18,-0.8,3.5,2.7,1.1
D'Angelo Russell,5562360,USA,2,21,BRK,44,1124,15.5,0.506,0.398,0.209,2.7,14.2,8.4,35.6,1.4,1.1,16.2,30.7,-0.4,0.8,0.4,0.017,0.8,-1,-0.2,0.5
Damyean Dotson,1100000,USA,44,23,NYK,40,356,8.9,0.489,0.409,0.13,2.2,15.2,8.7,9.2,1,0.2,9.7,16.5,0,0.2,0.2,0.022,-2.7,-2.1,-4.9,-0.3
Damion Lee,92160,USA,62,25,ATL,12,321,12.9,0.496,0.387,0.21,3.1,15.7,9.4,11.7,2.6,0.3,7.8,19.2,0.1,0.3,0.4,0.057,-1.4,-0.2,-1.5,0
Damien Wilkins,2116955,USA,62,38,IND,19,152,4.9,0.405,0.462,0.103,3.8,8.1,6,7.8,0.7,0.6,10.9,13.4,-0.1,0.1,-0.1,-0.019,-4.3,-2.1,-6.4,-0.2
Damian Lillard,26153057,USA,6,27,POR,70,2558,25.1,0.594,0.444,0.383,2.6,10.9,6.8,30.9,1.5,0.9,11.1,30.4,9.5,2.6,12.1,0.227,7.6,-0.8,6.8,5.7
Damian Jones,1312611,USA,30,22,GSW,11,54,10.7,0.765,0,0.4,9,11.6,10.4,0,0,2.9,20.3,12,0.1,0,0.1,0.102,-2.6,-3.8,-6.4,-0.1
Dakari Johnson,815615,USA,48,22,OKC,29,159,16.6,0.575,0,0.513,10.8,13,11.8,7.3,1.9,4.6,5.9,13.7,0.4,0.2,0.6,0.18,-0.9,1.3,0.5,0.1
D.J. Wilson,2135040,USA,17,21,MIL,21,69,9.1,0.638,0.357,0.143,1.7,13.6,7.7,6.2,1.4,1.2,21.2,12.4,0,0,0.1,0.038,-3.5,-1.7,-5.2,-0.1
D.J. Augustin,7250000,USA,9,30,ORL,71,1679,15.4,0.613,0.512,0.359,1.9,8.3,5.1,24.1,1.5,0,16.1,18.4,3.2,0.8,4,0.115,1.6,-2.4,-0.8,0.5
Cristiano Felicio,7843500,Brazil,62,25,CHI,51,856,12.3,0.619,0.005,0.346,8.8,16.7,12.6,8.6,0.6,1.1,17.5,13.4,1.1,0.5,1.6,0.088,-2.3,-0.2,-2.5,-0.1
Courtney Lee,11747890,USA,22,32,NYK,73,2226,12.9,0.56,0.366,0.171,1.4,9.1,5.3,11.4,1.8,0.6,9.6,16.9,2.5,1.2,3.7,0.079,0.7,-0.7,0,1.1
Cory Joseph,7630000,Canada,29,26,IND,78,2108,11.2,0.505,0.315,0.161,2.1,11.6,6.9,15.9,1.8,0.7,11.2,14.6,1.3,1.9,3.3,0.074,-1.1,0.1,-1,0.6
Corey Brewer,7579366,USA,7,31,TOT,69,1121,11.1,0.535,0.331,0.297,3.7,10.3,7,7.7,3.2,1.1,12.8,14.3,0.6,1.5,2.1,0.089,-1.8,1,-0.8,0.3
Cole Aldrich,7300000,USA,11,29,MIN,19,46,5.2,0.34,0,0.4,7.5,25.4,16.4,5.9,2.2,1.9,5.4,17.9,-0.1,0.1,0,-0.033,-7.4,-0.6,-8,-0.1
Cody Zeller,12584270,USA,4,25,CHO,33,627,16,0.602,0.019,0.545,11.3,19.4,15.3,7.4,1.1,2.8,14.6,15.7,1.2,0.7,1.9,0.144,-0.7,1.2,0.5,0.4
Clint Capela,2334520,Switzerland,25,23,HOU,71,1955,24.6,0.65,0.002,0.383,13.5,31,22.3,5.8,1.4,5.8,11.6,19.5,6,3.9,9.9,0.242,0.1,2.9,3,2.5
Chris Paul,24599495,USA,4,32,HOU,55,1753,24.3,0.601,0.475,0.288,2.3,17,9.7,40.7,2.6,0.7,12.7,24.3,7,2.6,9.6,0.262,6,1,7,4
Chris McCullough,1471382,USA,29,22,WAS,19,90,15.8,0.478,0.19,0.333,8.9,22.6,15.7,7.1,0,4.8,4,24.6,0.1,0.1,0.2,0.081,-3.8,-1.9,-5.7,-0.1
Cheick Diallo,1312611,Mali,33,21,NOP,48,538,17.4,0.619,0,0.365,8.8,29.7,19.6,4.8,0.9,2.8,11,17.6,1.1,0.7,1.8,0.161,-2.6,-0.5,-3.1,-0.2
Channing Frye,7420912,USA,8,34,TOT,50,643,14.2,0.626,0.544,0.078,1.9,19.8,11,7.5,1.3,1.8,7.8,14.9,1,0.5,1.6,0.118,-0.1,-0.9,-1,0.2
Chandler Parsons,23112004,USA,38,29,MEM,36,691,13.7,0.578,0.517,0.115,2.3,13.1,7.5,16.5,1.3,1.5,12.5,18.3,0.7,0.4,1.1,0.079,0.3,-1.5,-1.2,0.1
Cedi Osman,2642857,Turkey,62,22,CLE,57,584,10.9,0.605,0.442,0.227,2.7,17,10,6.8,1.6,0.4,14.2,15,0.4,0.4,0.8,0.068,-1.6,-1.5,-3.1,-0.2
Carmelo Anthony,26243760,USA,3,33,OKC,75,2413,12.7,0.502,0.404,0.162,2.9,17.8,10.1,6.4,0.9,1.8,7.4,23.3,1.1,2.4,3.5,0.069,-2,-2,-3.9,-1.2
Caris LeVert,1632480,USA,20,23,BRK,68,1781,14.2,0.523,0.335,0.258,3.1,12.1,7.6,26,2,0.9,15.6,22.6,0.7,1.4,2.1,0.056,-0.3,-0.3,-0.5,0.7
Cameron Payne,2203440,USA,14,23,CHI,21,476,14,0.494,0.429,0.079,3.3,9.5,6.3,28.9,2.2,1.7,13.3,19.3,0.3,0.4,0.6,0.065,-0.2,-0.6,-0.8,0.1
Caleb Swanigan,1465920,USA,26,20,POR,24,165,7.1,0.41,0.148,0.241,10.1,20.3,15.2,12.2,1.5,1.5,19,19.6,-0.3,0.2,0,-0.01,-5.7,0.9,-4.8,-0.1
C.J. Miles,7936509,USA,34,30,TOR,66,1251,13.2,0.55,0.764,0.154,1.6,10.9,6.3,5.7,1.4,1.2,5.7,22.1,1.4,1.3,2.8,0.106,1.9,-2.4,-0.5,0.5
C.J. McCollum,23962573,USA,10,26,POR,77,2780,17.4,0.544,0.319,0.168,1.9,9.9,5.9,16,1.3,1,8.5,26.4,4,2.7,6.7,0.115,1.7,-1.1,0.6,1.9
Buddy Hield,3675480,Bahamas,6,24,SAC,77,1930,16,0.558,0.442,0.09,2.8,15.1,8.7,12.3,2,1,11.2,24.3,1.2,1.3,2.6,0.064,1.1,-1.6,-0.5,0.7
Bryn Forbes,1312611,USA,62,24,SAS,77,1462,9.1,0.523,0.457,0.141,0.8,7.3,4.1,8.1,0.9,0.1,6.8,16.7,0.7,1.3,2,0.065,-1.3,-1.8,-3.1,-0.4
Bruno Caboclo,2451225,Brazil,20,22,TOT,11,99,8.5,0.398,0.567,0.2,7.7,15.6,11.5,6.9,1.5,3.8,10.9,16.6,-0.1,0.1,0,-0.012,-4.1,-0.2,-4.3,-0.1
Brook Lopez,22642350,USA,10,29,LAL,70,1657,16.6,0.558,0.408,0.201,4.7,13.1,8.9,11.7,0.9,4.7,10.3,23.5,1.8,1.9,3.7,0.106,0.4,0.2,0.6,1.1
Brice Johnson,1331160,USA,25,23,TOT,18,98,18.2,0.486,0.024,0.119,10.4,25.4,17.9,3.4,4.5,5.5,10.2,22.3,0,0.2,0.2,0.085,-4.9,2.2,-2.7,0
Briante Weber,83129,USA,62,25,TOT,18,237,10.1,0.527,0.256,0.233,3.8,13.1,8.4,13.1,3.8,1.9,24,11.7,0,0.4,0.4,0.072,-3.3,2.9,-0.4,0.1
Brandon Paul,815615,USA,62,26,SAS,61,558,7.2,0.493,0.43,0.339,1.2,12.2,6.7,9.2,2.3,1,16.8,13.4,-0.3,0.8,0.5,0.043,-3.8,1.1,-2.7,-0.1
Brandon Jennings,238020,USA,10,28,MIL,11,156,14,0.51,0.52,0.18,2.3,13.5,7.9,30.3,1.6,2.2,18.2,19.2,0.1,0.1,0.2,0.066,-1.1,-1.8,-2.9,0
Brandon Ingram,5519400,USA,2,20,LAL,59,1975,13.9,0.536,0.138,0.371,3.1,13.8,8.5,17.6,1.1,1.8,14.4,22.2,1,1.8,2.8,0.068,-1.6,0.3,-1.3,0.3
Brandan Wright,5179760,USA,8,30,TOT,28,381,19,0.596,0,0.324,9.8,19.3,14.4,5.6,1.7,6.4,6.4,14.7,0.8,0.5,1.3,0.165,-1.3,2.3,1,0.3
Bradley Beal,23775506,USA,3,24,WAS,78,2819,18.7,0.566,0.357,0.245,2.3,11.4,6.9,21.2,1.7,1.1,11.6,27.8,4.3,2.4,6.7,0.113,2.8,-1,1.9,2.7
Bojan Bogdanovic,10500000,Croatia,31,28,IND,77,2386,13.8,0.603,0.454,0.244,1.4,10.9,6.2,7.1,1.1,0.3,10.2,18.9,3.6,1.6,5.1,0.103,1.1,-1.9,-0.8,0.7
Bogdan Bogdanovic,9470614,Serbia,27,25,SAC,75,2089,13.8,0.564,0.426,0.161,1.5,10.7,5.9,18.3,1.7,0.7,13.1,19.6,2,0.9,2.9,0.067,0.7,-1.6,-0.9,0.6
Bobby Portis,1516320,USA,22,22,CHI,69,1553,20,0.548,0.28,0.199,10.3,22.3,16.1,13.6,1.5,1.1,9.9,26,2.2,1.4,3.6,0.111,1.4,-0.7,0.7,1.1
Bobby Brown,1524305,USA,62,33,HOU,20,115,5.4,0.425,0.69,0.034,0,6.8,3.4,14.9,1.7,0,13.3,26,-0.3,0.1,-0.2,-0.08,-5,-4.3,-9.3,-0.2
Boban Marjanovic,7000000,Serbia,62,29,TOT,35,286,25.1,0.611,0,0.621,13.9,29.8,21.7,12.5,1.5,3.3,16,28.8,0.8,0.5,1.2,0.208,-0.5,0.6,0.1,0.2
Blake Griffin,29512900,USA,1,28,TOT,58,1970,19.6,0.544,0.323,0.331,4.1,19.8,11.9,28.1,1,0.8,12.6,28.9,3.2,1.9,5,0.123,2.8,0,2.8,2.4
Bismack Biyombo,17000000,Democratic Re...,7,25,ORL,78,1428,13.9,0.556,0.003,0.455,10.7,23.9,17.3,6.4,0.7,5,17.4,14.5,1.1,1.7,2.8,0.093,-3.7,2.1,-1.5,0.2
Ben Simmons,6168840,Australia,1,21,PHI,77,2614,19.8,0.555,0.012,0.335,5.9,19.3,12.8,37.4,2.4,2.1,19.3,22.2,4,4.7,8.7,0.159,0.9,3.5,4.4,4.2
Ben McLemore,5200000,USA,7,24,MEM,52,968,9.2,0.517,0.424,0.166,3.6,11.4,7.4,7.5,1.9,1.4,14,19.5,-0.4,0.7,0.3,0.013,-2.6,-1.3,-3.9,-0.5
Bam Adebayo,2490360,USA,14,20,MIA,66,1324,15.6,0.564,0.021,0.526,9.7,21.7,15.7,11.2,1.2,2.6,13.6,15.9,2.1,1.9,4.1,0.147,-1.7,2,0.3,0.8
Avery Bradley,8808989,USA,19,27,TOT,46,1433,9.7,0.496,0.325,0.131,1.7,7.3,4.5,10.4,1.8,0.5,13.3,23.5,-1.4,1.3,-0.1,-0.005,-2.8,-1.3,-4.1,-0.8
Austin Rivers,11825000,USA,10,25,LAC,58,1965,12.9,0.531,0.445,0.193,1.5,6.3,4,17.1,1.8,0.7,10.8,20.7,1.5,1.1,2.6,0.064,1,-1.4,-0.4,0.8
Arron Afflalo,2328652,USA,27,32,ORL,51,657,5.5,0.508,0.425,0.17,0.7,10.5,5.5,6.2,0.3,1.1,11.3,12.4,-0.1,0.2,0.1,0.006,-4.3,-1.7,-6,-0.7
Aron Baynes,4328000,Australia,62,31,BOS,77,1402,11.7,0.506,0.037,0.187,9.1,22.3,15.8,9.4,0.7,2.8,14.6,16.4,0.4,2.4,2.8,0.097,-4,2.2,-1.8,0.1
Antonius Cleveland,92160,USA,62,23,TOT,14,93,5.4,0.402,0.125,0.375,2.3,12.2,7.2,2.9,3.2,4.8,17.7,11,-0.2,0.1,0,-0.001,-7.5,3.8,-3.7,0
Anthony Tolliver,3290000,USA,62,32,DET,75,1624,13.5,0.652,0.777,0.278,3.1,12.6,7.7,7.5,0.9,1.1,9.8,14.7,3.4,1.5,4.8,0.142,2,-0.7,1.2,1.3
Anthony Davis,23775506,USA,1,24,NOP,71,2582,28.9,0.615,0.113,0.406,7.8,24.9,16.6,10.8,2,5.5,8.7,29.8,8.5,4.5,13,0.241,3,2.3,5.3,4.7
Ante Zizic,1645200,Croatia,23,21,CLE,30,186,23.2,0.737,0,0.351,13.5,18.4,16,4.4,0.3,6,13.2,18.1,0.7,0.2,0.8,0.219,1,-0.6,0.4,0.1
Andrew Wiggins,7574322,Canada,1,22,MIN,78,2832,13.2,0.509,0.26,0.244,3,10.7,6.8,8,1.5,1.5,8.9,23.6,0.5,1.4,1.9,0.032,-1,-1.5,-2.6,-0.4
Andrew Harrison,1312611,USA,44,23,MEM,56,1326,12.7,0.534,0.331,0.371,2,9.7,5.7,21.4,1.5,1.8,14,19.7,1,0.8,1.8,0.064,-0.9,-1.4,-2.3,-0.1
Andrew Bogut,2328652,Australia,1,33,LAL,23,216,10.9,0.696,0,0.08,12.9,25.5,19.3,9.1,0.9,4.9,42.3,8.8,0.1,0.3,0.4,0.094,-3.6,3.6,0,0.1
Andre Roberson,9259259,USA,26,26,OKC,39,1037,10.9,0.543,0.222,0.235,7.7,12.2,9.9,6,2.2,3.1,14.4,8.6,0.8,1.3,2.1,0.099,-1.4,2.8,1.4,0.9
Andre Iguodala,14814815,USA,9,34,GSW,63,1601,11.3,0.539,0.36,0.277,3.8,12.5,8.5,16,1.6,1.9,16,11.5,1.6,1.7,3.3,0.098,-0.7,1,0.4,1
Andre Drummond,23775506,USA,9,24,DET,76,2541,23,0.556,0.011,0.453,16.5,36.6,26.3,14.3,2.2,4.3,16,21.2,4.4,5.6,10.1,0.19,0.2,5.3,5.5,4.8
Amir Johnson,11000000,USA,56,30,PHI,70,1094,14.2,0.563,0.123,0.353,11.7,18.3,15.1,13.3,1.9,3.3,16.6,12.7,1.7,1.9,3.6,0.158,-0.6,3.3,2.7,1.3
Allen Crabbe,19332500,USA,31,25,BRK,71,2085,11.1,0.54,0.634,0.155,1.3,14.3,7.7,7.9,1,1.1,8.4,18.6,1,1.3,2.2,0.051,-0.3,-1.2,-1.5,0.3
Alfonzo McKinnie,815615,USA,62,25,TOR,13,49,9.2,0.663,0.615,0.231,0,13.5,6.9,2.9,1,1.6,17.3,15.5,0,0.1,0.1,0.076,-1.8,-1.5,-3.3,0
Al-Farouq Aminu,7319035,USA,8,27,POR,65,1950,12.4,0.529,0.586,0.144,5.1,22.3,13.8,5.8,1.9,1.5,10.7,14.9,1.2,3,4.2,0.103,-0.5,1.7,1.2,1.6
Alex Poythress,778668,USA,62,24,IND,24,101,8.5,0.52,0.44,0,7.9,11.1,9.5,2.7,1.5,0.9,7.4,11.9,0.1,0.1,0.2,0.078,-1.8,-1.6,-3.5,0
Alex Len,4187599,Ukraine,5,24,PHO,66,1324,19.4,0.615,0.003,0.638,13.4,27.2,20.1,8.5,1,3.7,14.2,16.6,3,1.2,4.3,0.155,-0.5,1.3,0.8,0.9
Alex Abrines,5725000,Spain,32,24,OKC,73,1095,9.1,0.573,0.755,0.145,2.3,8.8,5.5,3.4,1.6,0.7,7.7,12.7,1.3,0.9,2.2,0.095,-0.6,-1.8,-2.3,-0.1
Alec Burks,10845506,USA,12,26,UTA,62,1030,13.1,0.526,0.335,0.31,2,18.4,10.3,9.8,1.8,0.7,11.3,22.4,0.2,1.5,1.7,0.081,-2.7,-0.3,-3,-0.3
Alan Williams,6000000,USA,62,25,PHO,5,70,9.3,0.455,0,0.5,4.5,29.6,16.8,16.4,3.4,1.2,24.2,17.5,-0.1,0.1,0,-0.004,-6.5,2.7,-3.7,0
Al Jefferson,9769821,USA,15,33,IND,34,462,19.9,0.557,0.005,0.163,7.4,25.3,16.4,10.1,1.7,4.4,8.7,22.2,0.7,0.8,1.5,0.154,-1.8,1.4,-0.5,0.2
Al Horford,27734405,Dominican Rep...,3,31,BOS,70,2219,17.5,0.577,0.301,0.153,4.8,20.1,12.6,23.9,0.9,2.9,14.3,18.4,3.8,3.8,7.6,0.164,1.1,3,4.1,3.4
Abdel Nader,1167333,Egypt,58,24,BOS,44,463,5.7,0.464,0.477,0.269,2.4,12.1,7.3,7.2,1.4,1.6,17.1,16.9,-0.6,0.7,0,0.004,-5.3,0.3,-5,-0.3
Aaron Harrison,83129,USA,62,23,DAL,7,164,6.6,0.411,0.644,0.244,1.3,12.6,6.8,8.6,2.1,1.1,3.9,14.4,-0.1,0.2,0.1,0.019,-3.2,0.3,-2.9,0
Aaron Gordon,5504420,USA,4,22,ORL,55,1838,16.6,0.531,0.393,0.263,5.2,21.8,13.4,11.7,1.4,1.9,9.7,24.5,1.1,1.9,3,0.078,0.1,-0.1,0.1,1
Aaron Brooks,2116955,USA,26,33,MIN,31,188,10.1,0.508,0.449,0.159,4.3,6.2,5.2,15.2,1.6,0,11.9,19.7,0.1,0.1,0.2,0.039,-0.5,-3.7,-4.1,-0.1